Job Number,Job Type,CS/SSC/SSM permit,Permit Expiration Date,BIN,Borough,Community Board,Address,Count Permits,lat,lon
121324129,A1,CS/SSC/SSM permit,8/24/2019,1000003,MANHATTAN,101,10 SOUTH STREET,1,40.7005500793457,-74.01158905029297
121333057,NB,CS/SSC/SSM permit,6/12/2019,1000041,MANHATTAN,101,11 STONE STREET,1,40.704200744628906,-74.01223754882812
121160028,A2,CS/SSC/SSM permit,7/31/2019,1000793,MANHATTAN,101,90 WASHINGTON STREET,1,40.70806884765625,-74.01484680175781
120190220,A1,CS/SSC/SSM permit,4/30/2019,1000862,MANHATTAN,101,90 WATER STREET,1,40.70466995239258,-74.00846099853516
121183986,A1,CS/SSC/SSM permit,9/28/2019,1001331,MANHATTAN,101,106 SOUTH STREET,1,40.70698165893555,-74.00227355957031
103641560,A1,CS/SSC/SSM permit,9/10/2019,1001363,MANHATTAN,101,1 PECK SLIP,1,40.7086296081543,-74.0019302368164
121325841,A1,CS/SSC/SSM permit,10/23/2019,1001639,MANHATTAN,101,66 READE STREET,1,40.715240478515625,-74.00666046142578
120161617,A2,CS/SSC/SSM permit,10/23/2019,1001639,MANHATTAN,101,66 READE STREET,1,40.715240478515625,-74.00666046142578
110406347,A2,CS/SSC/SSM permit,10/23/2019,1001639,MANHATTAN,101,66 READE STREET,1,40.715240478515625,-74.00666046142578
104833076,A1,CS/SSC/SSM permit,1/25/2020,1001688,MANHATTAN,103,20 MOTT STREET,1,40.71437072753906,-73.99852752685547
120954770,A1,CS/SSC/SSM permit,2/1/2020,1001905,MANHATTAN,101,361 BROADWAY,1,40.717498779296875,-74.00399017333984
104790460,A1,CS/SSC/SSM permit,6/19/2019,1002026,MANHATTAN,101,15 JAY STREET,1,40.718238830566406,-74.00981140136719
120578311,A1,CS/SSC/SSM permit,7/28/2019,1002073,MANHATTAN,101,187 FRANKLIN STREET,1,40.71928024291992,-74.00982666015625
110348464,A1,CS/SSC/SSM permit,11/7/2019,1002076,MANHATTAN,101,177 FRANKLIN STREET,1,40.71915817260742,-74.00948333740234
103996507,A1,CS/SSC/SSM permit,11/2/2019,1002210,MANHATTAN,101,35 WALKER STREET,1,40.71915054321289,-74.0041732788086
120786417,A1,CS/SSC/SSM permit,5/15/2019,1002323,MANHATTAN,101,396 BROADWAY,1,40.718360900878906,-74.00221252441406
120852791,A1,CS/SSC/SSM permit,11/8/2019,1002920,MANHATTAN,101,449 WASHINGTON STREET,1,40.723880767822266,-74.0100326538086
121014204,A1,CS/SSC/SSM permit,6/20/2019,1003021,MANHATTAN,102,449 BROADWAY,1,40.720638275146484,-74.00142669677734
121663645,A1,CS/SSC/SSM permit,6/29/2019,1003298,MANHATTAN,103,39 MONROE STREET,1,40.711769104003906,-73.99476623535156
110205377,A1,CS/SSC/SSM permit,5/17/2019,1003780,MANHATTAN,103,20 ELDRIDGE ST,1,40.714900970458984,-73.99337768554688
121184137,A1,CS/SSC/SSM permit,5/2/2019,1003985,MANHATTAN,103,57 ALLEN STREET,1,40.71699142456055,-73.99195098876953
121131355,A1,CS/SSC/SSM permit,7/24/2019,1004006,MANHATTAN,103,325 GRAND STREET,1,40.71696853637695,-73.9906005859375
121471629,A1,CS/SSC/SSM permit,2/1/2020,1004250,MANHATTAN,103,23 CLINTON STREET,1,40.72066116333008,-73.98455047607422
103889099,A2,CS/SSC/SSM permit,8/3/2019,1004349,MANHATTAN,103,442 EAST HOUSTON STREET,2,40.719871520996094,-73.97736358642578
121184798,A1,CS/SSC/SSM permit,6/21/2019,1005359,MANHATTAN,103,139 LUDLOW STREET,1,40.72053146362305,-73.98838806152344
104822417,A1,CS/SSC/SSM permit,5/2/2019,1005569,MANHATTAN,103,293 BROOME STREET,1,40.71847152709961,-73.99202728271484
121324708,A2,CS/SSC/SSM permit,8/1/2019,1005894,MANHATTAN,103,150 1 AVENUE,1,40.72821044921875,-73.98435974121094
121324236,A1,CS/SSC/SSM permit,8/1/2019,1005894,MANHATTAN,103,150 1 AVENUE,1,40.72821044921875,-73.98435974121094
121784701,NB,CS/SSC/SSM permit,1/24/2020,1007085,MANHATTAN,102,74 GRAND STREET,3,40.722068786621094,-74.00263977050781
121333690,A1,CS/SSC/SSM permit,4/24/2019,1007495,MANHATTAN,102,32 PRINCE STREET,1,40.7228889465332,-73.99520111083984
121157185,A1,CS/SSC/SSM permit,3/25/2020,1007851,MANHATTAN,102,242 ELIZABETH STREET,1,40.72330093383789,-73.99365234375
121333324,NB,CS/SSC/SSM permit,8/30/2019,1007981,MANHATTAN,102,151 MERCER STREET,1,40.725120544433594,-73.99849700927734
121326608,A1,CS/SSC/SSM permit,8/5/2019,1008106,MANHATTAN,102,19 CHARLTON STREET,1,40.72724914550781,-74.00406646728516
121236983,A1,CS/SSC/SSM permit,8/7/2019,1009137,MANHATTAN,102,809 BROADWAY,1,40.73289108276367,-73.99150848388672
121825294,A1,CS/SSC/SSM permit,12/13/2019,1009555,MANHATTAN,102,39 WEST 10 STREET,1,40.73442077636719,-73.99725341796875
121965445,A2,CS/SSC/SSM permit,11/1/2019,1009581,MANHATTAN,102,16 WEST 12TH STREET,1,40.734798431396484,-73.9954833984375
103642033,A2,CS/SSC/SSM permit,1/1/2020,1009757,MANHATTAN,102,16 CLARKSON STREET,2,40.72904968261719,-74.00615692138672
121021376,A2,CS/SSC/SSM permit,2/4/2020,1010366,MANHATTAN,102,535 GREENWICH STREET,2,40.72690963745117,-74.00863647460938
121954000,A2,CS/SSC/SSM permit,10/11/2019,1010659,MANHATTAN,102,147 WEST 13TH STREET,2,40.7376594543457,-73.99909210205078
120903282,A2,CS/SSC/SSM permit,2/4/2020,1010662,MANHATTAN,102,153 WEST 13 STREET,1,40.73773956298828,-73.9992904663086
120022055,A1,CS/SSC/SSM permit,2/4/2020,1010662,MANHATTAN,102,153 WEST   13 STREET,1,40.73773956298828,-73.9992904663086
110408513,A1,CS/SSC/SSM permit,3/21/2020,1010667,MANHATTAN,102,117 SEVENTH AVENUE SOUTH,1,40.73411178588867,-74.00224304199219
110441843,A1,CS/SSC/SSM permit,9/10/2019,1010822,MANHATTAN,102,243 WEST 4TH ST,1,40.73466110229492,-74.00286865234375
121814180,NB,CS/SSC/SSM permit,10/23/2019,1010937,MANHATTAN,102,192 SEVENTH AVENUE SOUTH,3,40.7363395690918,-74.00150299072266
121333912,A1,CS/SSC/SSM permit,5/2/2019,1011751,MANHATTAN,102,271 WEST 10TH STREET,1,40.73371887207031,-74.0077896118164
121235350,A1,CS/SSC/SSM permit,1/1/2020,1012253,MANHATTAN,104,29 11TH AVENUE,1,40.743560791015625,-74.0105972290039
121237009,NB,CS/SSC/SSM permit,5/17/2019,1012856,MANHATTAN,104,461 W 34TH ST,1,40.75468063354492,-73.9986572265625
120996351,A1,CS/SSC/SSM permit,12/21/2019,1012860,MANHATTAN,104,441 9TH AVENUE,1,40.753929138183594,-73.99651336669922
103361014,A1,CS/SSC/SSM permit,1/31/2020,1013350,MANHATTAN,104,337 WEST   22 STREET,1,40.74551010131836,-74.00047302246094
121507208,A1,CS/SSC/SSM permit,9/23/2019,1013566,MANHATTAN,104,335 WEST 35TH STREET,1,40.753658294677734,-73.99430847167969
121715723,A1,CS/SSC/SSM permit,5/4/2019,1014039,MANHATTAN,104,204 WEST 21 STREET,1,40.74283981323242,-73.99710845947266
121991620,A1,CS/SSC/SSM permit,3/23/2020,1014081,MANHATTAN,104,224 WEST 22 ST,1,40.74361038208008,-73.99714660644531
102713057,A1,CS/SSC/SSM permit,11/18/2019,1014127,MANHATTAN,104,202 WEST   23 STREET,1,40.743980407714844,-73.99609375
121567900,A2,CS/SSC/SSM permit,4/24/2019,1014469,MANHATTAN,105,270 WEST 38 ST,1,40.754371643066406,-73.99138641357422
120794541,A2,CS/SSC/SSM permit,7/31/2019,1014572,MANHATTAN,104,161 WEST 16TH STREET,1,40.7399787902832,-73.99823760986328
102322504,A1,CS/SSC/SSM permit,6/20/2019,1015077,MANHATTAN,105,799 6 AVENUE,1,40.74571990966797,-73.99107360839844
121494481,A2,CS/SSC/SSM permit,5/7/2019,1015152,MANHATTAN,105,150 WEST 30 STREET,1,40.74803924560547,-73.99198913574219
121438355,A1,CS/SSC/SSM permit,12/1/2019,1015197,MANHATTAN,105,137 WEST 33RD STREET,1,40.75006866455078,-73.98990631103516
121364497,A2,CS/SSC/SSM permit,12/1/2019,1015197,MANHATTAN,105,137 WEST 33RD STREET,1,40.75006866455078,-73.98990631103516
120153314,A1,CS/SSC/SSM permit,12/1/2019,1020451,MANHATTAN,106,322 EAST 18 STREET,1,40.73421096801758,-73.98216247558594
121332968,A1,CS/SSC/SSM permit,5/10/2019,1023728,MANHATTAN,105,109 WEST 57 STREET,1,40.764949798583984,-73.97756958007812
121854369,A2,CS/SSC/SSM permit,1/1/2020,1024920,MANHATTAN,105,222 CENTRAL PARK SOUTH,1,40.76715850830078,-73.98047637939453
120909204,A1,CS/SSC/SSM permit,7/19/2019,1025021,MANHATTAN,104,342 W 46TH STREET,1,40.760250091552734,-73.98963165283203
121107765,A2,CS/SSC/SSM permit,8/2/2019,1025426,MANHATTAN,104,337 WEST 55 STREET,1,40.76620101928711,-73.98509979248047
120945442,A1,CS/SSC/SSM permit,8/2/2019,1025426,MANHATTAN,104,337 WEST 55 STREET,1,40.76620101928711,-73.98509979248047
120453268,A2,CS/SSC/SSM permit,11/14/2019,1026317,MANHATTAN,104,353 WEST 57TH STREET,1,40.76805877685547,-73.98499298095703
121145279,A1,CS/SSC/SSM permit,8/10/2019,1026890,MANHATTAN,104,408 WEST 58TH STREET,1,40.76860809326172,-73.9858627319336
121683277,A2,CS/SSC/SSM permit,5/31/2019,1027085,MANHATTAN,104,899 TENTH AVENUE,2,40.77035903930664,-73.98847198486328
121777942,A1,CS/SSC/SSM permit,1/1/2020,1027108,MANHATTAN,104,617 WEST 46TH STREET,1,40.76403045654297,-73.9974594116211
121603504,A1,CS/SSC/SSM permit,7/5/2019,1027117,MANHATTAN,104,622 WEST . 47TH ST,1,40.76435852050781,-73.99732971191406
121184501,A1,CS/SSC/SSM permit,12/26/2019,1027125,MANHATTAN,104,660 12TH AVENUE,1,40.765480041503906,-73.99656677246094
121817506,A1,CS/SSC/SSM permit,1/29/2020,1028474,MANHATTAN,107,50 WEST 69TH STREET,1,40.774898529052734,-73.97942352294922
100968794,A1,CS/SSC/SSM permit,7/1/2019,1028751,MANHATTAN,107,39 WEST   75 STREET,1,40.77909851074219,-73.97615051269531
120794998,A1,CS/SSC/SSM permit,4/20/2019,1030729,MANHATTAN,107,228 WEST 75TH STREET,1,40.78104019165039,-73.9819564819336
120797003,A1,CS/SSC/SSM permit,4/20/2019,1030737,MANHATTAN,107,230 WEST 75TH STREET,1,40.781070709228516,-73.98200988769531
121185458,A1,CS/SSC/SSM permit,5/2/2019,1031115,MANHATTAN,107,315 WEST 78 STREET,1,40.78413009643555,-73.98219299316406
121608545,A2,CS/SSC/SSM permit,4/24/2019,1031310,MANHATTAN,107,241 CENTRAL PARK WEST,1,40.78435134887695,-73.9704818725586
121983657,A1,CS/SSC/SSM permit,9/24/2019,1031313,MANHATTAN,107,249 CENTRAL PARK WEST,1,40.78464126586914,-73.97020721435547
120045138,A1,CS/SSC/SSM permit,3/2/2020,1031515,MANHATTAN,107,18 WEST 89TH STREET,1,40.7872314453125,-73.96888732910156
121341887,A1,CS/SSC/SSM permit,1/1/2020,1032030,MANHATTAN,107,128 WEST 82ND STREET,1,40.7841911315918,-73.97534942626953
121333681,A1,CS/SSC/SSM permit,8/23/2019,1032579,MANHATTAN,107,130 WEST 95 STREET,1,40.79249954223633,-73.9693374633789
121185608,A1,CS/SSC/SSM permit,5/7/2019,1032795,MANHATTAN,107,498 WEST END AVENUE,1,40.78725814819336,-73.9786605834961
121323923,NB,CS/SSC/SSM permit,10/1/2019,1034211,MANHATTAN,105,520 5TH AVENUE,1,40.75447082519531,-73.98062896728516
121237072,A1,CS/SSC/SSM permit,10/1/2019,1035403,MANHATTAN,105,390 MADISON AVE,1,40.755821228027344,-73.97765350341797
103982380,A1,CS/SSC/SSM permit,4/30/2019,1036082,MANHATTAN,105,767 FIFTH AVENUE,1,40.76361083984375,-73.97242736816406
121333921,NB,CS/SSC/SSM permit,10/1/2019,1036505,MANHATTAN,105,425 PARK AVENUE,2,40.76042938232422,-73.97103881835938
121526660,A2,CS/SSC/SSM permit,5/7/2019,1037579,MANHATTAN,106,216 EAST 45 STREET,1,40.752079010009766,-73.97218322753906
120430382,A1,CS/SSC/SSM permit,3/7/2020,1038537,MANHATTAN,106,234 EAST 53 STREET,1,40.75695037841797,-73.96820831298828
121703656,A1,CS/SSC/SSM permit,5/15/2019,1039653,MANHATTAN,106,325 EAST 51ST STREET,1,40.75526809692383,-73.96692657470703
121374244,A2,CS/SSC/SSM permit,4/17/2020,1040155,MANHATTAN,106,435 EAST 52ND STREET,1,40.754638671875,-73.9631118774414
120870156,A1,CS/SSC/SSM permit,10/22/2019,1040852,MANHATTAN,108,27 EAST 61ST STREET,1,40.76485061645508,-73.96994018554688
121327493,A1,CS/SSC/SSM permit,6/30/2019,1040917,MANHATTAN,108,815 FIFTH AVENUE,1,40.76641082763672,-73.9710464477539
121328385,A1,CS/SSC/SSM permit,4/1/2020,1041049,MANHATTAN,108,20 EAST 64 STREET,1,40.766761779785156,-73.96981048583984
121689798,A1,CS/SSC/SSM permit,4/10/2020,1041143,MANHATTAN,108,52 EAST 66 STREET,1,40.76750183105469,-73.96768951416016
110459584,A1,CS/SSC/SSM permit,8/3/2019,1041189,MANHATTAN,108,14 EAST 67TH STREET,1,40.76865005493164,-73.9684829711914
121593436,A2,CS/SSC/SSM permit,4/9/2020,1041203,MANHATTAN,108,11 EAST 67TH ST,2,40.76906967163086,-73.96829223632812
120487393,A1,CS/SSC/SSM permit,4/9/2020,1041203,MANHATTAN,108,11 EAST 67TH STREET,1,40.76906967163086,-73.96829223632812
120973991,A1,CS/SSC/SSM permit,7/11/2019,1041238,MANHATTAN,108,18 EAST 68TH STREET,1,40.769229888916016,-73.96793365478516
103122256,A1,CS/SSC/SSM permit,12/31/2019,1041243,MANHATTAN,108,858 FIFTH AVENUE,1,40.76947021484375,-73.96871948242188
121325930,A1,CS/SSC/SSM permit,11/1/2019,1041326,MANHATTAN,108,21 EAST 70TH STREET,1,40.77075958251953,-73.96647644042969
104902893,A1,CS/SSC/SSM permit,1/4/2020,1041967,MANHATTAN,108,123 EAST   61 STREET,1,40.76396942138672,-73.96782684326172
121810139,A1,CS/SSC/SSM permit,7/28/2019,1042804,MANHATTAN,108,127 EAST 71ST STREET,1,40.77016067504883,-73.9631118774414
121237508,A1,CS/SSC/SSM permit,7/22/2019,1043026,MANHATTAN,108,105 EAST 73 STREET,1,40.7717399597168,-73.96263122558594
121330327,A1,CS/SSC/SSM permit,9/28/2019,1043061,MANHATTAN,108,134 EAST 74TH STREET,1,40.7717399597168,-73.96170806884766
120667251,A1,CS/SSC/SSM permit,11/1/2019,1043228,MANHATTAN,108,116 EAST 78TH STREET,1,40.774410247802734,-73.96031188964844
121094706,A1,CS/SSC/SSM permit,4/4/2020,1044244,MANHATTAN,108,318 EAST 62 STREET,1,40.7619514465332,-73.9623031616211
120186173,A1,CS/SSC/SSM permit,12/13/2019,1046015,MANHATTAN,108,405 EAST 78 STREET,1,40.77159881591797,-73.95247650146484
121235966,A1,CS/SSC/SSM permit,10/31/2019,1046680,MANHATTAN,108,12 EAST  82 STREET,1,40.77840042114258,-73.96160888671875
120886728,A2,CS/SSC/SSM permit,6/7/2019,1046846,MANHATTAN,108,7 EAST 86 ST,1,40.78150177001953,-73.95960235595703
121333146,A1,CS/SSC/SSM permit,5/1/2019,1047551,MANHATTAN,108,109 EAST 81ST STREET,1,40.77682876586914,-73.95865631103516
121331424,NB,CS/SSC/SSM permit,10/23/2019,1047572,MANHATTAN,108,1444 3RD AVENUE,1,40.77627182006836,-73.95626831054688
104837508,A2,CS/SSC/SSM permit,9/25/2019,1050396,MANHATTAN,108,444 EAST   82 STREET,1,40.773231506347656,-73.94972229003906
121185476,A1,CS/SSC/SSM permit,1/13/2020,1051321,MANHATTAN,108,521 EAST 87 STREET,1,40.77627944946289,-73.94526672363281
120672432,NB,CS/SSC/SSM permit,4/1/2020,1053165,MANHATTAN,111,316 PLEASANT AVENUE,1,40.795440673828125,-73.9324722290039
121955900,DM,CS/SSC/SSM permit,5/1/2019,1054009,MANHATTAN,111,62 EAST 125TH STREET,1,40.80522918701172,-73.94019317626953
121951628,A1,CS/SSC/SSM permit,4/17/2020,1054257,MANHATTAN,111,2113 5TH AVENUE,1,40.80921173095703,-73.93978881835938
110085283,A1,CS/SSC/SSM permit,3/9/2020,1057192,MANHATTAN,107,315 WEST  103 STREET,1,40.80023956298828,-73.97064971923828
121583553,NB,CS/SSC/SSM permit,3/31/2020,1057375,MANHATTAN,109,633 WEST 115TH STREET,3,40.80813980102539,-73.9657211303711
121440217,A1,CS/SSC/SSM permit,4/20/2019,1057916,MANHATTAN,110,152 WEST 128 STREET,1,40.810279846191406,-73.9460678100586
104713197,A1,CS/SSC/SSM permit,6/13/2019,1057978,MANHATTAN,110,145 WEST  129 STREET,1,40.811180114746094,-73.94509887695312
121642614,A1,CS/SSC/SSM permit,6/11/2019,1058538,MANHATTAN,110,255 WEST 121 ST,1,40.80739974975586,-73.95197296142578
121960431,A1,CS/SSC/SSM permit,3/27/2020,1059488,MANHATTAN,110,46 EDGECOMBE AVE,1,40.818180084228516,-73.94679260253906
103511816,A1,CS/SSC/SSM permit,11/16/2019,1059506,MANHATTAN,109,400 WEST  119 STREET,1,40.80801010131836,-73.95848846435547
121814279,A1,CS/SSC/SSM permit,6/13/2019,1060648,MANHATTAN,110,303 WEST  137 STREET,1,40.81821060180664,-73.94597625732422
120649735,A1,CS/SSC/SSM permit,5/15/2019,1060948,MANHATTAN,109,351 CONVENT AVENUE,1,40.82429122924805,-73.94609832763672
121185038,A1,CS/SSC/SSM permit,3/30/2020,1061514,MANHATTAN,109,767 ST. NICHOLAS AVENUE,1,40.82646942138672,-73.94352722167969
100993472,A1,CS/SSC/SSM permit,12/15/2019,1063904,MANHATTAN,112,617 WEST  179 STREET,1,40.848480224609375,-73.93525695800781
103641686,A2,CS/SSC/SSM permit,5/19/2019,1063928,MANHATTAN,112,180 WADSWORTH AVENUE,1,40.85068130493164,-73.93467712402344
121532608,A1,CS/SSC/SSM permit,6/1/2019,1073030,MANHATTAN,108,16 EAST 89TH STREET,1,40.782840728759766,-73.95807647705078
104633069,A1,CS/SSC/SSM permit,10/25/2019,1076686,MANHATTAN,109,712 WEST  125 STREET,1,40.818119049072266,-73.96119689941406
110447810,A1,CS/SSC/SSM permit,9/10/2019,1076834,MANHATTAN,102,245 WEST 4TH ST,1,40.734710693359375,-74.00287628173828
101911184,A1,CS/SSC/SSM permit,4/1/2020,1077064,MANHATTAN,108,168 EAST   91 STREET,1,40.78205871582031,-73.95237731933594
121234805,NB,CS/SSC/SSM permit,5/11/2019,1077519,MANHATTAN,103,15 CATHERINE STREET,1,40.71321105957031,-73.99696350097656
121609795,A2,CS/SSC/SSM permit,6/27/2019,1079043,MANHATTAN,101,59 MAIDEN LANE,1,40.70866012573242,-74.00798034667969
110406506,A1,CS/SSC/SSM permit,6/17/2019,1080321,MANHATTAN,104,521 WEST   26 STREET,1,40.75020980834961,-74.00369262695312
121629023,A1,CS/SSC/SSM permit,8/14/2019,1081783,MANHATTAN,109,461 W 126TH ST,1,40.81372833251953,-73.95494079589844
103559846,A1,CS/SSC/SSM permit,6/20/2019,1082443,MANHATTAN,101,48 LISPENARD STREET,1,40.71955871582031,-74.00335693359375
110307604,NB,CS/SSC/SSM permit,11/9/2019,1083425,MANHATTAN,103,156 RIVINGTON STREET,1,40.71937942504883,-73.98533630371094
121047250,A1,CS/SSC/SSM permit,6/29/2019,1083763,MANHATTAN,104,414 W 45TH STREET,1,40.7605094909668,-73.99220275878906
121417001,A2,CS/SSC/SSM permit,10/20/2019,1084781,MANHATTAN,108,525 EAST 68 ST,1,40.76445007324219,-73.95413970947266
121333093,A1,CS/SSC/SSM permit,5/7/2019,1085460,MANHATTAN,101,24 LEONARD ST,1,40.718299865722656,-74.00763702392578
104870392,NB,CS/SSC/SSM permit,6/9/2019,1088498,MANHATTAN,103,139 ORCHARD STREET,1,40.720088958740234,-73.98951721191406
121326350,NB,CS/SSC/SSM permit,10/1/2019,1088693,MANHATTAN,103,75 FIRST AVENUE,1,40.725650787353516,-73.98713684082031
120432077,A1,CS/SSC/SSM permit,3/27/2020,1088758,MANHATTAN,103,639 EAST    9 STREET,1,40.72578048706055,-73.97859954833984
121017559,NB,CS/SSC/SSM permit,7/1/2019,1088815,MANHATTAN,101,215 PEARL STREET,1,40.707218170166016,-74.00631713867188
121537505,NB,CS/SSC/SSM permit,10/20/2019,1089236,MANHATTAN,103,89 BOWERY,1,40.716941833496094,-73.99519348144531
121331059,NB,CS/SSC/SSM permit,7/27/2019,1089237,MANHATTAN,106,626 1ST AVENUE,1,40.74446105957031,-73.97193908691406
104702788,NB,CS/SSC/SSM permit,7/5/2019,1089352,MANHATTAN,109,504 WEST  141 STREET,1,40.82276153564453,-73.95020294189453
121236607,NB,CS/SSC/SSM permit,8/2/2019,1089362,MANHATTAN,104,805 NINTH AVENUE,1,40.76572036743164,-73.98773193359375
103889035,NB,CS/SSC/SSM permit,1/1/2020,1089385,MANHATTAN,106,425 EAST  35 STREET,1,40.74448013305664,-73.972412109375
120838317,NB,CS/SSC/SSM permit,2/22/2020,1089387,MANHATTAN,103,208 DELANCEY STREET,1,40.71747970581055,-73.9832992553711
121184208,NB,CS/SSC/SSM permit,9/28/2019,1089411,MANHATTAN,104,501 WEST 30TH STREET,1,40.75326919555664,-74.00283813476562
121184841,NB,CS/SSC/SSM permit,6/1/2019,1089412,MANHATTAN,104,550 WEST 34TH STREET,1,40.75524139404297,-74.00176239013672
121333716,A1,CS/SSC/SSM permit,4/24/2019,1089421,MANHATTAN,102,38 PRINCE STREET,1,40.72294998168945,-73.99536895751953
121333707,NB,CS/SSC/SSM permit,4/23/2019,1089422,MANHATTAN,102,233 MOTT STREET,1,40.72270965576172,-73.99532318115234
121237633,NB,CS/SSC/SSM permit,11/15/2019,1089434,MANHATTAN,108,524 EAST 74TH STREET,1,40.76723861694336,-73.9515609741211
121862751,A1,CS/SSC/SSM permit,5/4/2019,1089461,MANHATTAN,103,225 BOWERY,1,40.72188949584961,-73.9928970336914
104160916,NB,CS/SSC/SSM permit,5/10/2019,1089523,MANHATTAN,111,433 EAST  115 STREET,1,40.79499053955078,-73.93450164794922
121184495,NB,CS/SSC/SSM permit,12/21/2019,1089656,MANHATTAN,104,679 11TH AVENUE,3,40.76523971557617,-73.99556732177734
110114732,A1,CS/SSC/SSM permit,7/1/2019,1089694,MANHATTAN,104,371 9TH AVENUE,1,40.75209045410156,-73.99796295166016
121185528,NB,CS/SSC/SSM permit,7/7/2019,1089771,MANHATTAN,103,250 SOUTH STREET,1,40.7104606628418,-73.99124145507812
121543133,NB,CS/SSC/SSM permit,1/10/2020,1089838,MANHATTAN,111,1770 MADISON AVENUE,1,40.80030059814453,-73.94499969482422
103890461,NB,CS/SSC/SSM permit,1/1/2020,1089902,MANHATTAN,105,10 EAST 15 STREET,1,40.73611831665039,-73.99234771728516
121333440,NB,CS/SSC/SSM permit,5/14/2019,1090115,MANHATTAN,101,118 FULTON STREET,1,40.709808349609375,-74.00737762451172
121643043,NB,CS/SSC/SSM permit,6/28/2019,1090163,MANHATTAN,109,450 W 126TH ST,3,40.81290054321289,-73.95498657226562
110005743,NB,CS/SSC/SSM permit,1/1/2020,1090179,MANHATTAN,105,100 EAST 53 STREET,1,40.75830841064453,-73.97142028808594
121328205,NB,CS/SSC/SSM permit,6/28/2019,1090180,MANHATTAN,105,217 WEST 57TH STREET,2,40.766231536865234,-73.98095703125
121184592,NB,CS/SSC/SSM permit,9/15/2019,1090184,MANHATTAN,105,220 CENTRAL PARK SOUTH,1,40.76696014404297,-73.9805679321289
121185261,NB,CS/SSC/SSM permit,12/28/2019,1090205,MANHATTAN,104,528 WEST 28TH STREET,3,40.75109100341797,-74.0034408569336
121473208,NB,CS/SSC/SSM permit,5/31/2019,1090375,MANHATTAN,103,196 ORCHARD,1,40.722320556640625,-73.98774719238281
121332673,NB,CS/SSC/SSM permit,8/22/2019,1090447,MANHATTAN,104,534 WEST 29TH STREET,1,40.75196838378906,-74.0032730102539
110015894,NB,CS/SSC/SSM permit,6/22/2019,1090452,MANHATTAN,104,411 9 AVENUE,1,40.7529411315918,-73.99703979492188
121958480,NB,CS/SSC/SSM permit,6/15/2019,1090463,MANHATTAN,106,228 EAST 20 ST,1,40.736209869384766,-73.98362731933594
121724946,A1,CS/SSC/SSM permit,6/17/2019,1090463,MANHATTAN,106,209 EAST 19TH STREET,1,40.736209869384766,-73.98362731933594
121326421,NB,CS/SSC/SSM permit,10/3/2019,1090486,MANHATTAN,111,2338 2ND AVENUE,1,40.79936981201172,-73.93570709228516
120643330,NB,CS/SSC/SSM permit,11/18/2019,1090493,MANHATTAN,106,133 3RD AVENUE,1,40.733489990234375,-73.98663330078125
121328027,NB,CS/SSC/SSM permit,7/12/2019,1090553,MANHATTAN,108,130 EAST 82ND STREET,1,40.776859283447266,-73.95787811279297
121329053,NB,CS/SSC/SSM permit,12/6/2019,1090582,MANHATTAN,102,601 WASHINGTON ST,1,40.73054885864258,-74.00859832763672
110407444,NB,CS/SSC/SSM permit,11/30/2019,1090595,MANHATTAN,111,60 EAST  127 STREET,1,40.8066291809082,-73.93933868408203
121183343,NB,CS/SSC/SSM permit,5/11/2019,1090600,MANHATTAN,109,464 WEST 130TH STREET,1,40.815128326416016,-73.95337677001953
121332450,NB,CS/SSC/SSM permit,5/31/2019,1090631,MANHATTAN,105,25 WEST 38TH STREET,1,40.75177001953125,-73.98409271240234
121332664,NB,CS/SSC/SSM permit,2/4/2020,1090634,MANHATTAN,105,36 WEST 38TH STREET,2,40.75143814086914,-73.98445129394531
121237580,NB,CS/SSC/SSM permit,12/28/2019,1090713,MANHATTAN,108,530 EAST 74TH STREET,1,40.76702117919922,-73.95104217529297
120805539,NB,CS/SSC/SSM permit,6/1/2019,1090730,MANHATTAN,108,162 EAST 64TH STREET,1,40.765010833740234,-73.96568298339844
120562284,NB,CS/SSC/SSM permit,4/15/2020,1090740,MANHATTAN,110,300 WEST 122ND STREET,3,40.808128356933594,-73.95330047607422
104354011,NB,CS/SSC/SSM permit,2/21/2020,1090771,MANHATTAN,110,113 LENOX AVENUE,1,40.8018913269043,-73.95025634765625
121327224,NB,CS/SSC/SSM permit,12/31/2019,1090777,MANHATTAN,105,53 WEST 53RD STREET,1,40.76171875,-73.97834014892578
121184707,NB,CS/SSC/SSM permit,5/10/2019,1090782,MANHATTAN,103,165 CHRYSTIE STREET,1,40.720741271972656,-73.99288940429688
121185092,NB,CS/SSC/SSM permit,11/27/2019,1090783,MANHATTAN,103,251 EAST 2 STREET,3,40.72101974487305,-73.98148345947266
121619757,NB,CS/SSC/SSM permit,6/28/2019,1090787,MANHATTAN,112,577 WEST 161ST STREET,1,40.836490631103516,-73.94230651855469
110146486,NB,CS/SSC/SSM permit,7/10/2019,1090813,MANHATTAN,102,68 SPRING STREET,3,40.7223014831543,-73.99764251708984
121183799,NB,CS/SSC/SSM permit,5/21/2019,1090832,MANHATTAN,101,22 THAMES STREET,1,40.70909881591797,-74.01277160644531
121185635,NB,CS/SSC/SSM permit,6/20/2019,1090860,MANHATTAN,101,45 PARK PLACE,1,40.71384048461914,-74.00997924804688
121184645,NB,CS/SSC/SSM permit,5/24/2019,1801308,MANHATTAN,102,688 BROADWAY,1,40.727989196777344,-73.99411010742188
121327484,NB,CS/SSC/SSM permit,1/17/2020,1802251,MANHATTAN,105,122 EAST 32 STREET,3,40.74515151977539,-73.98133850097656
100089583,NB,CS/SSC/SSM permit,9/6/2019,1804283,MANHATTAN,111,2006 LEXINGTON AVENUE,1,40.80268859863281,-73.9388427734375
121332370,A1,CS/SSC/SSM permit,5/7/2019,1806601,MANHATTAN,104,318 WEST 52 STREET,1,40.76382827758789,-73.9864730834961
220150299,A1,CS/SSC/SSM permit,10/10/2019,2002127,BRONX,204,1065 CLAY AVENUE,1,40.82923126220703,-73.91266632080078
201096991,NB,CS/SSC/SSM permit,7/12/2019,2007838,BRONX,204,1527 MORRIS AVENUE,1,40.84196853637695,-73.9098892211914
220307077,A2,CS/SSC/SSM permit,7/6/2019,2009875,BRONX,203,1738 CROTONA PARK EAST,1,40.83824920654297,-73.88823699951172
201231817,A2,CS/SSC/SSM permit,10/14/2019,2010344,BRONX,203,750 JENNINGS STREET,1,40.83140182495117,-73.89781188964844
220143271,A1,CS/SSC/SSM permit,6/29/2019,2011110,BRONX,206,4283 PARK AVENUE,1,40.849578857421875,-73.89881134033203
201190923,A2,CS/SSC/SSM permit,3/19/2020,2011810,BRONX,206,500 EAST FORDHAM ROAD,2,40.85947036743164,-73.88863372802734
220290824,NB,CS/SSC/SSM permit,6/29/2019,2012094,BRONX,206,2265 HUGHES AVE.,1,40.85247039794922,-73.88849639892578
200162046,NB,CS/SSC/SSM permit,5/12/2019,2012677,BRONX,206,2075 CLINTON AVENUE,1,40.84733963012695,-73.8883285522461
220347916,NB,CS/SSC/SSM permit,7/13/2019,2017896,BRONX,207,3103 WEBSTER AVE,1,40.87120056152344,-73.87724304199219
210026336,NB,CS/SSC/SSM permit,9/15/2019,2018029,BRONX,207,261 EAST  206 STREET,1,40.87506866455078,-73.88015747070312
201190031,A1,CS/SSC/SSM permit,1/1/2020,2018457,BRONX,207,341 EAST 207TH STREET,1,40.87546157836914,-73.87490844726562
210109979,A1,CS/SSC/SSM permit,12/1/2019,2020716,BRONX,209,433 BEACH AVE,1,40.81378173828125,-73.8624267578125
220167584,NB,CS/SSC/SSM permit,7/6/2019,2025997,BRONX,209,2024 BLACKROCK AVENUE,1,40.82815933227539,-73.85533142089844
210049106,NB,CS/SSC/SSM permit,5/5/2019,2027165,BRONX,209,2351 NEWBOLD AVENUE,1,40.83427810668945,-73.84629821777344
201190068,A2,CS/SSC/SSM permit,1/1/2020,2041211,BRONX,209,2120 ST RAYMOND AVE,1,40.836971282958984,-73.85482788085938
201190059,A2,CS/SSC/SSM permit,1/1/2020,2041211,BRONX,209,1514 OLMSTEAD AVE,1,40.836971282958984,-73.85482788085938
201029092,A1,CS/SSC/SSM permit,1/1/2020,2041211,BRONX,209,1514 OLMSTEAD AVE,1,40.836971282958984,-73.85482788085938
220101486,NB,CS/SSC/SSM permit,6/7/2019,2047383,BRONX,210,2932 WILKINSON AVENUE,1,40.8514289855957,-73.8304672241211
210036334,A1,CS/SSC/SSM permit,10/18/2019,2056088,BRONX,211,3006 WILSON AVENUE,1,40.86967849731445,-73.84867858886719
220038484,NB,CS/SSC/SSM permit,10/14/2019,2056900,BRONX,212,3331 WHITE PLAINS ROAD,1,40.87417984008789,-73.86743927001953
220324192,A1,CS/SSC/SSM permit,6/28/2019,2057691,BRONX,212,3560 WHITE PLAINS ROAD,1,40.87868118286133,-73.8650894165039
220291039,NB,CS/SSC/SSM permit,5/10/2019,2062932,BRONX,212,3941 WHITE PLAINS ROAD,1,40.88697052001953,-73.86126708984375
220078065,A1,CS/SSC/SSM permit,6/4/2019,2064836,BRONX,212,3920 PAULDING AVE,1,40.88338851928711,-73.85265350341797
220126398,A1,CS/SSC/SSM permit,1/13/2020,2079919,BRONX,210,3700 EAST TREMONT AVENUE,1,40.82683181762695,-73.82286071777344
220099783,A2,CS/SSC/SSM permit,5/8/2019,2081326,BRONX,210,240 BALCOM AVENUE,1,40.81528091430664,-73.82198333740234
220138296,A2,CS/SSC/SSM permit,5/6/2019,2092767,BRONX,209,945 UNDERHILL AVE,1,40.824581146240234,-73.86181640625
220138287,A2,CS/SSC/SSM permit,5/6/2019,2092768,BRONX,209,910 THIERIOT AVE,1,40.824581146240234,-73.86181640625
220335224,A1,CS/SSC/SSM permit,11/9/2019,2095696,BRONX,210,78B EDGEWATER PARK,1,40.824440002441406,-73.80848693847656
220016346,NB,CS/SSC/SSM permit,12/31/2019,2112996,BRONX,226,3651 JEROME AVENUE,1,40.893310546875,-73.8847885131836
210052066,NB,CS/SSC/SSM permit,12/27/2019,2116521,BRONX,208,3882 CANNON PLACE,1,40.883609771728516,-73.89447784423828
220201412,NB,CS/SSC/SSM permit,10/1/2019,2118363,BRONX,212,1915 BARTOW AVE,1,40.86848831176758,-73.83447265625
220206881,NB,CS/SSC/SSM permit,7/27/2019,2119432,BRONX,209,1190 COMMONWEALTH AVENUE,1,40.829490661621094,-73.86752319335938
220191799,NB,CS/SSC/SSM permit,9/12/2019,2119504,BRONX,202,833 WHITTIER STREET,1,40.81821060180664,-73.88488006591797
210048642,NB,CS/SSC/SSM permit,9/7/2019,2120810,BRONX,207,19 EAST 204 STREET,1,40.87512969970703,-73.88716888427734
220340842,NB,CS/SSC/SSM permit,5/7/2019,2124434,BRONX,210,435 HUNTER  AVENUE,3,40.850311279296875,-73.78990173339844
220349193,NB,CS/SSC/SSM permit,5/23/2019,2124471,BRONX,208,5959 BROADWAY,1,40.88922119140625,-73.89897918701172
220362006,NB,CS/SSC/SSM permit,11/17/2019,2124618,BRONX,212,3206 CRUGER AVENUE,1,40.87179946899414,-73.86585235595703
220362015,NB,CS/SSC/SSM permit,11/17/2019,2124619,BRONX,212,3204 CRUGER AVENUE,1,40.87171936035156,-73.86585235595703
220368484,NB,CS/SSC/SSM permit,2/26/2020,2124623,BRONX,208,3607 GREYSTONE AVE,1,40.88602828979492,-73.90618896484375
220151047,NB,CS/SSC/SSM permit,6/24/2019,2124649,BRONX,205,2004 DAVIDSON AVENUE,1,40.85279846191406,-73.90912628173828
220151056,NB,CS/SSC/SSM permit,6/24/2019,2124650,BRONX,205,2028 DAVIDSON AVENUE,1,40.85335922241211,-73.90860748291016
210041239,NB,CS/SSC/SSM permit,3/14/2020,2124721,BRONX,205,2165 GRAND AVENUE,1,40.85689926147461,-73.90717315673828
220335420,NB,CS/SSC/SSM permit,5/9/2019,2128571,BRONX,201,313 ALEXANDER AVENUE,1,40.81187057495117,-73.92415618896484
220142441,NB,CS/SSC/SSM permit,9/6/2019,2128789,BRONX,201,618 MORRIS AVE,1,40.818870544433594,-73.92180633544922
220157700,NB,CS/SSC/SSM permit,11/7/2019,2128937,BRONX,206,4215 PARK AVENUE,1,40.84791946411133,-73.90010070800781
220365995,NB,CS/SSC/SSM permit,8/8/2019,2128985,BRONX,206,2131 MAPES AVE,1,40.84769821166992,-73.88506317138672
220208424,NB,CS/SSC/SSM permit,5/14/2019,2129003,BRONX,208,3440 BAILEY AVENUE,1,40.8814811706543,-73.89961242675781
220249666,NB,CS/SSC/SSM permit,10/6/2019,2129091,BRONX,209,2338 BRUCKNER BLVD,1,40.82732009887695,-73.84506225585938
220211009,NB,CS/SSC/SSM permit,10/30/2019,2129181,BRONX,204,979 SUMMIT AVENUE,1,40.83256912231445,-73.93083953857422
210060039,NB,CS/SSC/SSM permit,5/10/2019,2129266,BRONX,202,658 CASANOVA,1,40.813350677490234,-73.88971710205078
220210929,NB,CS/SSC/SSM permit,5/14/2019,2129274,BRONX,207,3100 WEBSTER AVENUE,1,40.87071990966797,-73.87690734863281
210113250,NB,CS/SSC/SSM permit,8/13/2019,2129288,BRONX,203,545 EAST  166 STREET,1,40.8283805847168,-73.9065170288086
220150495,NB,CS/SSC/SSM permit,6/20/2019,2129378,BRONX,206,2505 SOUTHERN BLVD,1,40.85655975341797,-73.88121795654297
220086564,NB,CS/SSC/SSM permit,12/4/2019,2817786,BRONX,205,99 WEST 181ST STREET,1,40.85694885253906,-73.90882873535156
200799010,NB,CS/SSC/SSM permit,7/12/2019,2821187,BRONX,204,1537 MORRIS AVENUE,1,40.84225082397461,-73.90989685058594
320714223,A1,CS/SSC/SSM permit,6/20/2019,3000075,BROOKLYN,302,13 OLD FULTON STREET,1,40.702919006347656,-73.99359893798828
320714214,A1,CS/SSC/SSM permit,6/19/2019,3000076,BROOKLYN,302,11 OLD FULTON STREET,1,40.702911376953125,-73.99371337890625
320588627,NB,CS/SSC/SSM permit,2/1/2020,3000819,BROOKLYN,302,270 ATLANTIC AVENUE,1,40.6887092590332,-73.99015808105469
320570805,A2,CS/SSC/SSM permit,7/1/2019,3001726,BROOKLYN,302,111 HICKS STREET,1,40.69818115234375,-73.99410247802734
310303472,A1,CS/SSC/SSM permit,10/6/2019,3004131,BROOKLYN,306,169 SACKETT STREET,1,40.68471908569336,-74.00076293945312
320176803,A1,CS/SSC/SSM permit,6/29/2019,3005772,BROOKLYN,302,159 SMITH STREET,1,40.686248779296875,-73.99041748046875
320695949,A1,CS/SSC/SSM permit,4/25/2019,3006233,BROOKLYN,302,471 WARREN STREET,1,40.68341064453125,-73.9854736328125
310214504,A2,CS/SSC/SSM permit,5/4/2019,3006971,BROOKLYN,306,455A SACKETT STREET,1,40.68109130859375,-73.98980712890625
320862161,NB,CS/SSC/SSM permit,10/6/2019,3007376,BROOKLYN,306,529 PRESIDENT STREET,3,40.677650451660156,-73.98509979248047
310025718,A1,CS/SSC/SSM permit,6/26/2019,3007911,BROOKLYN,306,85 3 STREET,1,40.67768859863281,-73.99285125732422
320977190,A1,CS/SSC/SSM permit,11/2/2019,3008075,BROOKLYN,306,199 LUQUER ST,1,40.67708969116211,-73.99751281738281
320309581,A1,CS/SSC/SSM permit,11/30/2019,3008180,BROOKLYN,306,537 COURT STREET,1,40.674381256103516,-73.9994125366211
320593354,A1,CS/SSC/SSM permit,12/16/2019,3009201,BROOKLYN,307,231 20TH STREET,1,40.66225814819336,-73.99297332763672
320577540,NB,CS/SSC/SSM permit,5/9/2019,3009318,BROOKLYN,307,131 22ND STREET,1,40.66350173950195,-73.99762725830078
301966335,A1,CS/SSC/SSM permit,6/25/2019,3009752,BROOKLYN,307,797 3 AVENUE,1,40.65998077392578,-74.00128173828125
320407635,A1,CS/SSC/SSM permit,1/6/2020,3010179,BROOKLYN,307,883 4TH AVENUE,1,40.655738830566406,-74.00245666503906
301515849,NB,CS/SSC/SSM permit,6/29/2019,3010481,BROOKLYN,307,346 39 STREET,1,40.65303039550781,-74.00729370117188
320265823,NB,CS/SSC/SSM permit,5/11/2019,3016395,BROOKLYN,307,714 59TH STREET,1,40.63700866699219,-74.01097106933594
320893976,A1,CS/SSC/SSM permit,3/7/2020,3016413,BROOKLYN,307,758 59 STREET,1,40.6363410949707,-74.00985717773438
320595815,A1,CS/SSC/SSM permit,6/23/2019,3016779,BROOKLYN,307,279 18TH STREET,1,40.66238021850586,-73.99014282226562
320915514,NB,CS/SSC/SSM permit,2/20/2020,3017851,BROOKLYN,307,646 39 STREET,1,40.64904022216797,-74.00067138671875
320880212,A1,CS/SSC/SSM permit,8/25/2019,3018175,BROOKLYN,307,752 41 STREET,1,40.64653015136719,-73.99954223632812
302257830,A1,CS/SSC/SSM permit,11/17/2019,3018775,BROOKLYN,306,260 FLATBUSH AVENUE,1,40.6792106628418,-73.9743881225586
301082995,NB,CS/SSC/SSM permit,11/14/2019,3023038,BROOKLYN,306,383 12 STREET,1,40.665740966796875,-73.9839096069336
310139105,NB,CS/SSC/SSM permit,1/25/2020,3026512,BROOKLYN,306,391 14 STREET,1,40.66376876831055,-73.98332977294922
320592532,A1,CS/SSC/SSM permit,5/29/2019,3027950,BROOKLYN,308,658 WASHINGTON AVE,1,40.6786994934082,-73.96420288085938
320595030,NB,CS/SSC/SSM permit,5/1/2019,3029644,BROOKLYN,308,807 WASHINGTON AVE,1,40.672210693359375,-73.96235656738281
320757374,A1,CS/SSC/SSM permit,5/10/2019,3029820,BROOKLYN,308,565 NOSTRAND AVENUE,1,40.677978515625,-73.94943237304688
320493355,A1,CS/SSC/SSM permit,4/27/2019,3030028,BROOKLYN,308,1137 DEAN ST,1,40.67721939086914,-73.95197296142578
320696494,A1,CS/SSC/SSM permit,10/17/2019,3030821,BROOKLYN,308,1332 BERGEN STREET,1,40.675331115722656,-73.94062805175781
320705466,A1,CS/SSC/SSM permit,8/2/2019,3032968,BROOKLYN,309,654 EASTERN PARKWAY,1,40.6692008972168,-73.94682312011719
320592471,A1,CS/SSC/SSM permit,5/1/2019,3037308,BROOKLYN,308,991 EASTERN PARKWAY,1,40.669559478759766,-73.935546875
320151713,A1,CS/SSC/SSM permit,6/8/2019,3038025,BROOKLYN,309,1510 CARROLL STREET,1,40.66619873046875,-73.93778228759766
320151820,A1,CS/SSC/SSM permit,6/8/2019,3038026,BROOKLYN,309,1520 CARROLL STREET,1,40.66619873046875,-73.93778228759766
320730517,NB,CS/SSC/SSM permit,10/3/2019,3042894,BROOKLYN,303,1090 MYRTLE AVENUE,1,40.69654083251953,-73.93701934814453
302141778,NB,CS/SSC/SSM permit,6/14/2019,3044200,BROOKLYN,303,1262 BROADWAY,1,40.690921783447266,-73.92529296875
320576435,A1,CS/SSC/SSM permit,11/23/2019,3044454,BROOKLYN,303,793 QUINCY STREET,1,40.68999099731445,-73.92633819580078
320942441,A1,CS/SSC/SSM permit,6/6/2019,3045860,BROOKLYN,303,217 MALCOLM X BLVD,1,40.68553924560547,-73.92928314208984
310138810,A1,CS/SSC/SSM permit,5/10/2019,3054794,BROOKLYN,302,180 CLINTON AVENUE,1,40.69255828857422,-73.9691162109375
320904839,A1,CS/SSC/SSM permit,7/12/2019,3055420,BROOKLYN,303,271 SKILLMAN STREET,1,40.690059661865234,-73.95594024658203
302173421,A1,CS/SSC/SSM permit,11/30/2019,3055945,BROOKLYN,302,404 VANDERBILT AVENUE,1,40.68531036376953,-73.96859741210938
320552530,A1,CS/SSC/SSM permit,1/29/2020,3056006,BROOKLYN,302,410 WAVERLY AVENUE,1,40.68564987182617,-73.96658325195312
302363261,NB,CS/SSC/SSM permit,4/1/2020,3057924,BROOKLYN,302,31 NORTH ELLIOTT PLACE,1,40.69725036621094,-73.97721099853516
320775522,A1,CS/SSC/SSM permit,12/30/2019,3058261,BROOKLYN,302,147 PRINCE STREET,1,40.69281005859375,-73.982177734375
320868744,A2,CS/SSC/SSM permit,6/21/2019,3059339,BROOKLYN,302,759 FULTON STREET,1,40.68645095825195,-73.97411346435547
301377882,NB,CS/SSC/SSM permit,2/22/2020,3059855,BROOKLYN,301,167 CLYMER STREET,1,40.70716857910156,-73.96320343017578
320062007,A1,CS/SSC/SSM permit,5/11/2019,3059981,BROOKLYN,301,206 WILSON STREET,1,40.706878662109375,-73.95966339111328
320515206,A1,CS/SSC/SSM permit,6/1/2019,3061713,BROOKLYN,301,28 ROEBLING STREET,1,40.71786117553711,-73.95377349853516
320283386,A1,CS/SSC/SSM permit,11/1/2019,3061860,BROOKLYN,301,505 UNION AVE,1,40.71577835083008,-73.95218658447266
320564019,A2,CS/SSC/SSM permit,5/4/2019,3062481,BROOKLYN,301,17 FILLMORE PLACE,1,40.714210510253906,-73.9585189819336
320127251,A1,CS/SSC/SSM permit,9/3/2019,3062563,BROOKLYN,301,225 KENT AVENUE,1,40.716800689697266,-73.9651870727539
320376106,A1,CS/SSC/SSM permit,7/15/2019,3062686,BROOKLYN,301,293 GRAND STREET,1,40.71318817138672,-73.95732116699219
320593210,NB,CS/SSC/SSM permit,2/23/2020,3063055,BROOKLYN,301,305 UNION AVENUE,1,40.709598541259766,-73.95121765136719
320516991,A1,CS/SSC/SSM permit,9/20/2019,3063397,BROOKLYN,301,333 KENT AVENUE,1,40.71305847167969,-73.96723937988281
302091359,A1,CS/SSC/SSM permit,8/10/2019,3063454,BROOKLYN,301,185 SOUTH    5 STREET,1,40.71073913574219,-73.96112060546875
320612538,NB,CS/SSC/SSM permit,2/6/2020,3063587,BROOKLYN,301,319 BROADWAY,1,40.708290100097656,-73.95681762695312
310236651,NB,CS/SSC/SSM permit,3/3/2020,3063776,BROOKLYN,301,114 CLAY STREET,1,40.73653030395508,-73.95355987548828
320928573,A1,CS/SSC/SSM permit,11/1/2019,3063797,BROOKLYN,301,59 PAIDGE AVE,1,40.73719024658203,-73.94925689697266
320939188,A1,CS/SSC/SSM permit,10/29/2019,3063931,BROOKLYN,301,145 FREEMAN STREET,1,40.73456954956055,-73.9560775756836
302205860,NB,CS/SSC/SSM permit,8/12/2019,3064274,BROOKLYN,301,138 HURON STREET,1,40.73270034790039,-73.95588684082031
300602195,A1,CS/SSC/SSM permit,8/30/2019,3065222,BROOKLYN,301,316 ECKFORD STREET,1,40.72993850708008,-73.95204162597656
320847376,A2,CS/SSC/SSM permit,11/3/2019,3066758,BROOKLYN,301,592 MANHATTAN AVENUE,1,40.723060607910156,-73.9500732421875
320950137,A1,CS/SSC/SSM permit,11/7/2019,3066966,BROOKLYN,301,58 NEWELL STREET,1,40.72447967529297,-73.94690704345703
320594754,A1,CS/SSC/SSM permit,7/19/2019,3067534,BROOKLYN,301,75 ECKFORD STREET,1,40.72222900390625,-73.94831085205078
310081639,NB,CS/SSC/SSM permit,4/1/2020,3068099,BROOKLYN,301,444 GRAHAM AVENUE,3,40.71847152709961,-73.94438171386719
320591061,NB,CS/SSC/SSM permit,5/1/2019,3068131,BROOKLYN,301,22 FROST STREET,3,40.71725082397461,-73.95114135742188
320591178,NB,CS/SSC/SSM permit,11/8/2019,3068515,BROOKLYN,301,11 CONSELYEA STREET,3,40.71480941772461,-73.95118713378906
320593719,NB,CS/SSC/SSM permit,5/29/2019,3068627,BROOKLYN,301,178 SKILLMAN AVE,1,40.71580123901367,-73.94377899169922
320887527,A1,CS/SSC/SSM permit,6/26/2019,3068650,BROOKLYN,301,583 LORIMER STREET,1,40.71440887451172,-73.94970703125
320760725,A1,CS/SSC/SSM permit,5/26/2019,3069322,BROOKLYN,301,555 GRAND STREET,1,40.711368560791016,-73.9493179321289
302567032,A2,CS/SSC/SSM permit,1/5/2020,3069559,BROOKLYN,301,101 MAUJER STREET,1,40.71086883544922,-73.9466781616211
320516633,NB,CS/SSC/SSM permit,9/23/2019,3069609,BROOKLYN,301,738 GRAND STREET,1,40.711448669433594,-73.94332885742188
301782854,A1,CS/SSC/SSM permit,10/24/2019,3072017,BROOKLYN,304,23 JEFFERSON STREET,1,40.697750091552734,-73.93485260009766
320595799,A1,CS/SSC/SSM permit,11/26/2019,3072742,BROOKLYN,304,260 KNICKERBOCKER AVE,1,40.70222091674805,-73.92508697509766
320514001,A1,CS/SSC/SSM permit,3/14/2020,3072768,BROOKLYN,304,234 STARR STREET,1,40.70555114746094,-73.9223403930664
320595584,NB,CS/SSC/SSM permit,5/28/2019,3073415,BROOKLYN,304,28 LAWTON STREET,1,40.69535827636719,-73.93020629882812
320870777,A1,CS/SSC/SSM permit,6/26/2019,3074376,BROOKLYN,304,277 EVERGREEN AVENUE,1,40.695350646972656,-73.92537689208984
320595922,A1,CS/SSC/SSM permit,11/8/2019,3074608,BROOKLYN,304,390 STANHOPE STREET,1,40.70476150512695,-73.91605377197266
320595352,NB,CS/SSC/SSM permit,9/16/2019,3075356,BROOKLYN,304,1168 GREENE AVENUE,1,40.694461822509766,-73.92268371582031
301924256,A1,CS/SSC/SSM permit,10/12/2019,3093079,BROOKLYN,305,266 ELDERT LANE,1,40.68455123901367,-73.86681365966797
302068438,A1,CS/SSC/SSM permit,4/19/2019,3093168,BROOKLYN,305,285 LOGAN STREET,1,40.67934036254883,-73.87703704833984
301251730,NB,CS/SSC/SSM permit,5/17/2019,3094511,BROOKLYN,305,203 FORBELL STREET,1,40.67818069458008,-73.86363220214844
320548494,A1,CS/SSC/SSM permit,9/27/2019,3099218,BROOKLYN,317,471 UTICA AVE,1,40.66183853149414,-73.93110656738281
310065096,NB,CS/SSC/SSM permit,11/8/2019,3106523,BROOKLYN,309,474 EAST NEW YORK AVENUE,1,40.66154861450195,-73.94700622558594
320847759,A1,CS/SSC/SSM permit,4/21/2019,3107667,BROOKLYN,309,574 SCHENECTADY AVENUE,1,40.65959930419922,-73.9344711303711
301210437,NB,CS/SSC/SSM permit,1/1/2020,3114526,BROOKLYN,317,1001 EAST   45 STREET,1,40.63608169555664,-73.93314361572266
320219312,A1,CS/SSC/SSM permit,12/12/2019,3121143,BROOKLYN,314,1404 NEWKIRK AVENUE,1,40.634979248046875,-73.96394348144531
300831517,A1,CS/SSC/SSM permit,11/15/2019,3125781,BROOKLYN,312,1521 41 STREET,1,40.636661529541016,-73.9822769165039
320422459,A1,CS/SSC/SSM permit,11/1/2019,3127240,BROOKLYN,312,605 OCEAN PARKWAY,1,40.63370895385742,-73.97164154052734
320349262,NB,CS/SSC/SSM permit,5/17/2019,3127911,BROOKLYN,314,706 OCEAN PARKWAY,3,40.630950927734375,-73.9722900390625
320702263,A1,CS/SSC/SSM permit,9/19/2019,3129181,BROOKLYN,312,1650 49 STREET,1,40.63008117675781,-73.98439025878906
320030284,NB,CS/SSC/SSM permit,11/1/2019,3129291,BROOKLYN,312,886 DAHILL ROAD,1,40.626251220703125,-73.97792053222656
320960297,NB,CS/SSC/SSM permit,7/5/2019,3129358,BROOKLYN,312,1571 51 STREET,3,40.6303596496582,-73.98695373535156
320595101,A1,CS/SSC/SSM permit,12/31/2019,3129528,BROOKLYN,312,1975 51 STREET,1,40.624759674072266,-73.97773742675781
320326009,A1,CS/SSC/SSM permit,12/13/2019,3130200,BROOKLYN,312,5304 17TH AVENUE,1,40.6273307800293,-73.98577117919922
320717015,A1,CS/SSC/SSM permit,8/3/2019,3131512,BROOKLYN,312,1877 59 STREET,1,40.62163162231445,-73.98458862304688
310295677,A1,CS/SSC/SSM permit,5/8/2019,3133457,BROOKLYN,311,1694 64 STREET,1,40.62102127075195,-73.99215698242188
320530966,A1,CS/SSC/SSM permit,4/26/2019,3134351,BROOKLYN,311,1850 66 ST,1,40.61759948730469,-73.98973083496094
300806938,A1,CS/SSC/SSM permit,1/20/2020,3135881,BROOKLYN,312,1214 42 STREET,1,40.63983917236328,-73.989990234375
320844565,A1,CS/SSC/SSM permit,5/7/2019,3136034,BROOKLYN,312,4308 10TH  AVENUE,1,40.642330169677734,-73.99566650390625
320723892,A1,CS/SSC/SSM permit,7/1/2019,3136101,BROOKLYN,312,1176 43,1,40.63993835449219,-73.99165344238281
320882078,A1,CS/SSC/SSM permit,3/19/2020,3136656,BROOKLYN,312,4515 NEW UTRECHT AVE,1,40.6391487121582,-73.99394989013672
320592970,NB,CS/SSC/SSM permit,6/28/2019,3137303,BROOKLYN,312,4813 9TH AVENUE,2,40.64043045043945,-74.00032043457031
320854679,NB,CS/SSC/SSM permit,1/3/2020,3137493,BROOKLYN,312,4809 14 AVE,3,40.63386917114258,-73.98932647705078
320073718,A2,CS/SSC/SSM permit,6/23/2019,3138110,BROOKLYN,312,1462 50 STREET,1,40.63201141357422,-73.98909759521484
320169884,A1,CS/SSC/SSM permit,7/19/2019,3138342,BROOKLYN,312,1121 52ND STREET,1,40.635780334472656,-73.99742889404297
302185837,NB,CS/SSC/SSM permit,10/26/2019,3138409,BROOKLYN,312,5123 14 AVENUE,1,40.631988525390625,-73.99127960205078
320689545,A1,CS/SSC/SSM permit,7/27/2019,3140557,BROOKLYN,312,821 59 STREET,1,40.63589096069336,-74.0081787109375
320864542,A1,CS/SSC/SSM permit,2/14/2020,3140950,BROOKLYN,312,1038 59TH STREET,1,40.632659912109375,-74.00376892089844
320141958,A1,CS/SSC/SSM permit,1/10/2020,3144161,BROOKLYN,310,6502 FIFTH AVENUE,1,40.6367301940918,-74.02015686035156
301764400,NB,CS/SSC/SSM permit,8/25/2019,3149329,BROOKLYN,310,577 77 STREET,1,40.62699890136719,-74.02118682861328
300070553,A1,CS/SSC/SSM permit,10/15/2019,3152334,BROOKLYN,310,17 86 STREET,1,40.62590026855469,-74.03978729248047
320932871,NB,CS/SSC/SSM permit,2/28/2020,3156347,BROOKLYN,310,670 92ND STREET,1,40.61511993408203,-74.02440643310547
302564455,A2,CS/SSC/SSM permit,12/30/2019,3162973,BROOKLYN,310,8010 12TH AVENUE,3,40.618980407714844,-74.01368713378906
320961777,A1,CS/SSC/SSM permit,5/31/2019,3163444,BROOKLYN,311,8005 21ST AVENUE,1,40.60634994506836,-73.99250030517578
320047622,A1,CS/SSC/SSM permit,10/1/2019,3164306,BROOKLYN,310,1256 83 STREET,1,40.616111755371094,-74.01312255859375
320179873,NB,CS/SSC/SSM permit,7/5/2019,3166588,BROOKLYN,311,8711 18 AVENUE,1,40.60506820678711,-74.00446319580078
320544568,A1,CS/SSC/SSM permit,5/11/2019,3171241,BROOKLYN,312,1068 EAST 10TH STREET,1,40.62295913696289,-73.96614837646484
301984958,A1,CS/SSC/SSM permit,7/22/2019,3172875,BROOKLYN,312,502 AVENUE M,1,40.61663055419922,-73.97029876708984
320419579,A1,CS/SSC/SSM permit,5/10/2019,3174703,BROOKLYN,312,1582 EAST 2ND STREET,1,40.611019134521484,-73.97264099121094
320420781,A1,CS/SSC/SSM permit,5/11/2019,3177305,BROOKLYN,315,1842 EAST 4TH STREET,1,40.60544967651367,-73.96955108642578
300071044,A1,CS/SSC/SSM permit,10/29/2019,3178645,BROOKLYN,315,1949 EAST    4 STREET,1,40.602909088134766,-73.96849060058594
320592783,A1,CS/SSC/SSM permit,4/30/2019,3179705,BROOKLYN,314,1601 AVE J,1,40.62583923339844,-73.96002197265625
302056343,NB,CS/SSC/SSM permit,6/6/2019,3179875,BROOKLYN,314,1016 EAST   13 STREET,1,40.62451171875,-73.96344757080078
302058742,NB,CS/SSC/SSM permit,6/10/2019,3180920,BROOKLYN,314,1333 EAST   14 STREET,1,40.61709976196289,-73.96051788330078
320977136,A1,CS/SSC/SSM permit,6/23/2019,3182042,BROOKLYN,314,2010 OCEAN AVENUE,1,40.612640380859375,-73.95435333251953
302017412,NB,CS/SSC/SSM permit,1/2/2020,3182480,BROOKLYN,315,1808 AVENUE P,1,40.61048889160156,-73.95538330078125
320915159,A1,CS/SSC/SSM permit,4/19/2019,3183199,BROOKLYN,315,1834 EAST 21 STREET,1,40.6080207824707,-73.95227813720703
320832863,A1,CS/SSC/SSM permit,10/31/2019,3183252,BROOKLYN,315,1824 EAST 22 STREET,1,40.606990814208984,-73.95113372802734
320288602,A1,CS/SSC/SSM permit,4/21/2019,3184152,BROOKLYN,315,1926 EAST 21ST STREET,1,40.60567092895508,-73.95184326171875
301543765,A1,CS/SSC/SSM permit,3/7/2020,3190662,BROOKLYN,315,2296 CONEY ISLAND AVENUE,1,40.60108184814453,-73.96190643310547
302365009,NB,CS/SSC/SSM permit,9/22/2019,3191416,BROOKLYN,311,2222 MCDONALD AVENUE,1,40.598228454589844,-73.973388671875
301930276,A1,CS/SSC/SSM permit,8/28/2019,3191955,BROOKLYN,315,2072 OCEAN PARKWAY,1,40.59828186035156,-73.96617889404297
320345710,NB,CS/SSC/SSM permit,10/29/2019,3192047,BROOKLYN,315,2085 OCEAN PARKWAY,3,40.598148345947266,-73.96488952636719
320251687,NB,CS/SSC/SSM permit,7/19/2019,3196563,BROOKLYN,313,1223 SURF AVE,1,40.575889587402344,-73.98058319091797
320931328,A1,CS/SSC/SSM permit,8/28/2019,3196711,BROOKLYN,315,1977 HOMECREST AVE,1,40.60136032104492,-73.95942687988281
320842228,A1,CS/SSC/SSM permit,4/30/2019,3199423,BROOKLYN,315,2137 EAST 12TH STREET,1,40.597469329833984,-73.95967864990234
320379602,A1,CS/SSC/SSM permit,8/28/2019,3200754,BROOKLYN,315,2257 E 14TH ST,1,40.595340728759766,-73.95641326904297
320773016,A1,CS/SSC/SSM permit,5/17/2019,3202815,BROOKLYN,315,2729 CONEY ISLAND AVENUE,1,40.5900993347168,-73.96021270751953
320899113,A1,CS/SSC/SSM permit,9/26/2019,3204580,BROOKLYN,315,2543 EAST 23RD STREET,1,40.58988952636719,-73.94637298583984
302567265,A2,CS/SSC/SSM permit,9/27/2019,3205780,BROOKLYN,314,725 EAST 23 STREET,1,40.63262176513672,-73.95426940917969
301622885,A1,CS/SSC/SSM permit,7/22/2019,3207544,BROOKLYN,314,1103 EAST   22 STREET,1,40.62514114379883,-73.95398712158203
320915168,A1,CS/SSC/SSM permit,11/9/2019,3207624,BROOKLYN,314,3173 BEDFORD AVE,1,40.62514114379883,-73.95108795166016
310005776,A1,CS/SSC/SSM permit,4/3/2020,3208037,BROOKLYN,318,1912 NEW YORK AVENUE,1,40.625858306884766,-73.94407653808594
320866666,A1,CS/SSC/SSM permit,4/1/2020,3210012,BROOKLYN,314,2107 AVE N,1,40.61656188964844,-73.9532699584961
320572233,A1,CS/SSC/SSM permit,1/1/2020,3210086,BROOKLYN,314,1352 EAST 24 STREET,1,40.61764144897461,-73.95126342773438
320590099,NB,CS/SSC/SSM permit,5/1/2019,3211324,BROOKLYN,318,2881 NOSTRAND AVENUE,1,40.61389923095703,-73.94407653808594
320900628,A2,CS/SSC/SSM permit,8/3/2019,3212314,BROOKLYN,318,3406 AVENUE P,1,40.615291595458984,-73.93968963623047
320814400,A2,CS/SSC/SSM permit,11/22/2019,3220655,BROOKLYN,318,1743 KIMBALL STREET,1,40.61579895019531,-73.93274688720703
302374632,A1,CS/SSC/SSM permit,11/8/2019,3224663,BROOKLYN,318,8902 GLENWOOD ROAD,1,40.641151428222656,-73.9080810546875
301874425,A1,CS/SSC/SSM permit,9/22/2019,3239350,BROOKLYN,318,1827 RYDER STREET,1,40.613990783691406,-73.93196868896484
320770224,A1,CS/SSC/SSM permit,8/9/2019,3241634,BROOKLYN,318,2118 EAST 37,1,40.608089447021484,-73.92859649658203
320209886,A1,CS/SSC/SSM permit,9/22/2019,3243078,BROOKLYN,318,2556 NATIONAL DRIVE,1,40.605220794677734,-73.90469360351562
302040841,NB,CS/SSC/SSM permit,4/26/2019,3244493,BROOKLYN,313,2943 BRIGHTON    7 STREET,1,40.580509185791016,-73.96138763427734
320004357,NB,CS/SSC/SSM permit,6/13/2019,3245801,BROOKLYN,315,94 AMHERST STREET,1,40.57957077026367,-73.95269012451172
300496540,A1,CS/SSC/SSM permit,6/14/2019,3245983,BROOKLYN,315,101 ORIENTAL BOULEVARD,1,40.577171325683594,-73.95269775390625
320061400,A1,CS/SSC/SSM permit,7/10/2019,3246185,BROOKLYN,315,230 AMHERST STREET,1,40.576171875,-73.95204162597656
320821740,A1,CS/SSC/SSM permit,4/13/2020,3246446,BROOKLYN,315,182 GIRARD STREET,1,40.57815933227539,-73.94574737548828
320271120,A1,CS/SSC/SSM permit,10/21/2019,3246544,BROOKLYN,315,1220 SHORE BOULEVARD,1,40.58055877685547,-73.94241333007812
320613724,A1,CS/SSC/SSM permit,1/10/2020,3246744,BROOKLYN,315,1605 ORIENTAL BOULEVARD,1,40.57865905761719,-73.93865966796875
320765043,A1,CS/SSC/SSM permit,5/13/2019,3246764,BROOKLYN,315,129 NORFOLK STREET,1,40.58005905151367,-73.93868255615234
320870063,A1,CS/SSC/SSM permit,5/15/2019,3246778,BROOKLYN,315,116 OXFORD STREET,1,40.580440521240234,-73.93830871582031
320592248,NB,CS/SSC/SSM permit,7/1/2019,3248653,BROOKLYN,315,2727 KNAPP STREET,1,40.587730407714844,-73.93049621582031
301268465,NB,CS/SSC/SSM permit,5/9/2019,3251759,BROOKLYN,301,426 SOUTH    5 STREET,1,40.707008361816406,-73.95205688476562
302038863,NB,CS/SSC/SSM permit,12/19/2019,3252853,BROOKLYN,305,905 SUTTER AVENUE,1,40.671260833740234,-73.8849868774414
320456500,A1,CS/SSC/SSM permit,10/19/2019,3254425,BROOKLYN,314,1286 EAST 23 STREET,1,40.619171142578125,-73.95249938964844
320396308,A1,CS/SSC/SSM permit,4/1/2020,3255038,BROOKLYN,315,186 GIRARD STREET,1,40.57794952392578,-73.9457015991211
310069573,A1,CS/SSC/SSM permit,6/16/2019,3255120,BROOKLYN,315,2892 GERRITSEN AVENUE,1,40.58982849121094,-73.9220962524414
320923961,NB,CS/SSC/SSM permit,10/1/2019,3256920,BROOKLYN,317,698 EAST 98 STREET,1,40.65277862548828,-73.90972137451172
340111765,A2,CS/SSC/SSM permit,11/2/2019,3257041,BROOKLYN,302,133 NAVY WALK,1,40.694580078125,-73.98113250732422
320099996,A1,CS/SSC/SSM permit,11/16/2019,3324854,BROOKLYN,301,149 WYTHE AVE,1,40.71918869018555,-73.96048736572266
320899685,NB,CS/SSC/SSM permit,5/16/2019,3326707,BROOKLYN,318,1324 REMSEN AVENUE,1,40.636959075927734,-73.90371704101562
320899667,NB,CS/SSC/SSM permit,5/16/2019,3326707,BROOKLYN,318,1326 REMSEN AVENUE,1,40.636959075927734,-73.90371704101562
320899658,NB,CS/SSC/SSM permit,5/16/2019,3326707,BROOKLYN,318,1322 REMSEN AVENUE,1,40.636959075927734,-73.90371704101562
320110330,A1,CS/SSC/SSM permit,9/10/2019,3327321,BROOKLYN,314,2920 CAMPUS ROAD,1,40.63132095336914,-73.95050048828125
301126966,A1,CS/SSC/SSM permit,10/25/2019,3327396,BROOKLYN,305,1033 GLENMORE AVENUE,1,40.67694854736328,-73.87183380126953
320423582,A1,CS/SSC/SSM permit,5/15/2019,3329999,BROOKLYN,301,262 METROPOLITAN AVENUE,1,40.71453857421875,-73.95868682861328
320817924,A1,CS/SSC/SSM permit,10/13/2019,3330019,BROOKLYN,301,1115 MANHATTAN AVENUE,1,40.73666000366211,-73.95565032958984
320990200,DM,CS/SSC/SSM permit,9/15/2019,3330224,BROOKLYN,301,886 HUMBOLDT STREET,1,40.73115921020508,-73.94586944580078
320990219,DM,CS/SSC/SSM permit,9/15/2019,3330225,BROOKLYN,301,334 GREENPOINT AVENUE,1,40.73115921020508,-73.94586944580078
320990228,DM,CS/SSC/SSM permit,9/15/2019,3330226,BROOKLYN,301,305 RUSSELL STREET,1,40.73115921020508,-73.94586944580078
320989230,DM,CS/SSC/SSM permit,9/15/2019,3330227,BROOKLYN,301,874 HUMBOLDT STREET,1,40.73115921020508,-73.94586944580078
320869039,NB,CS/SSC/SSM permit,6/24/2019,3330494,BROOKLYN,312,833 39TH STREET,1,40.646949768066406,-73.99629974365234
320517124,A1,CS/SSC/SSM permit,9/23/2019,3336460,BROOKLYN,306,160 IMLAY STREET,1,40.68109130859375,-74.01011657714844
320989249,DM,CS/SSC/SSM permit,9/15/2019,3337674,BROOKLYN,301,866 HUMBOLDT STREET,1,40.73115921020508,-73.94586944580078
320867111,A1,CS/SSC/SSM permit,7/21/2019,3337795,BROOKLYN,301,272 NORMAN AVE,1,40.727569580078125,-73.94149780273438
320514966,NB,CS/SSC/SSM permit,5/1/2019,3339160,BROOKLYN,305,671 LOUISIANA AVENUE,1,40.64580154418945,-73.883056640625
320774667,A1,CS/SSC/SSM permit,3/23/2020,3341552,BROOKLYN,302,24 JORALEMON STREET,1,40.69335174560547,-73.99887084960938
320593461,A1,CS/SSC/SSM permit,4/24/2019,3343073,BROOKLYN,305,192 SHEPHERD AVENUE,1,40.67985153198242,-73.8820571899414
320096294,A2,CS/SSC/SSM permit,1/10/2020,3343255,BROOKLYN,305,735 LINCOLN AVE.,1,40.67136001586914,-73.8661117553711
320772419,A1,CS/SSC/SSM permit,5/31/2019,3345999,BROOKLYN,301,31 WALTON STREET,1,40.700721740722656,-73.95242309570312
301129981,NB,CS/SSC/SSM permit,10/30/2019,3349203,BROOKLYN,301,118 GERRY STREET,1,40.7023811340332,-73.945556640625
301908032,NB,CS/SSC/SSM permit,8/7/2019,3388089,BROOKLYN,307,187 20 STREET,1,40.663108825683594,-73.9943618774414
320260524,A1,CS/SSC/SSM permit,5/31/2019,3389808,BROOKLYN,308,523 ST JOHNS PLACE,1,40.673458099365234,-73.96013641357422
320260533,A1,CS/SSC/SSM permit,5/31/2019,3389809,BROOKLYN,308,541 ST JOHNS PLACE,1,40.673458099365234,-73.96013641357422
320466571,NB,CS/SSC/SSM permit,10/18/2019,3392368,BROOKLYN,301,724 BEDFORD AVENUE,1,40.699180603027344,-73.95736694335938
300622459,NB,CS/SSC/SSM permit,8/28/2019,3392888,BROOKLYN,301,13 HARRISON AVENUE,1,40.7064208984375,-73.95374298095703
302325721,NB,CS/SSC/SSM permit,8/28/2019,3393528,BROOKLYN,303,831 MONROE STREET,1,40.688899993896484,-73.92298126220703
302289770,NB,CS/SSC/SSM permit,8/11/2019,3394549,BROOKLYN,309,504 MAPLE STREET,1,40.66102981567383,-73.94397735595703
301888107,NB,CS/SSC/SSM permit,6/22/2019,3395438,BROOKLYN,315,2481 OCEAN AVENUE,1,40.60108184814453,-73.95134735107422
310058950,NB,CS/SSC/SSM permit,9/19/2019,3396959,BROOKLYN,301,250 MANHATTAN AVENUE,1,40.71192169189453,-73.94538116455078
310015444,NB,CS/SSC/SSM permit,11/17/2019,3396984,BROOKLYN,312,1227 47 STREET,1,40.63719177246094,-73.99223327636719
320262871,NB,CS/SSC/SSM permit,7/17/2019,3397041,BROOKLYN,313,2929 BRIGHTON 5TH STREET,3,40.58045959472656,-73.96324157714844
320005784,NB,CS/SSC/SSM permit,7/3/2019,3397161,BROOKLYN,307,591 3 AVENUE,1,40.667049407958984,-73.99440002441406
320398887,NB,CS/SSC/SSM permit,11/8/2019,3397856,BROOKLYN,303,23 VERONA PLACE,3,40.68062973022461,-73.9473876953125
320442357,NB,CS/SSC/SSM permit,3/8/2020,3397972,BROOKLYN,318,6660 AVENUE U,1,40.618019104003906,-73.90973663330078
302269925,NB,CS/SSC/SSM permit,5/1/2019,3398078,BROOKLYN,312,1247 38 STREET,1,40.64202117919922,-73.98648834228516
320253872,NB,CS/SSC/SSM permit,9/28/2019,3398079,BROOKLYN,310,364 OVINGTON AVENUE,1,40.63385009765625,-74.0247573852539
320373822,NB,CS/SSC/SSM permit,3/21/2020,3398091,BROOKLYN,303,912 BROADWAY,1,40.697330474853516,-73.93675994873047
320052214,NB,CS/SSC/SSM permit,6/1/2019,3398211,BROOKLYN,301,353 GREENPOINT AVENUW,1,40.733638763427734,-73.9476089477539
320517954,NB,CS/SSC/SSM permit,3/28/2020,3398403,BROOKLYN,316,99 THATFORD AVE,2,40.66941833496094,-73.90940856933594
310100761,NB,CS/SSC/SSM permit,8/31/2019,3398476,BROOKLYN,301,141 NORTH 6TH STREET,2,40.71772003173828,-73.95857238769531
320589421,NB,CS/SSC/SSM permit,10/4/2019,3398580,BROOKLYN,301,101 BOGART STREET,1,40.70722961425781,-73.93408966064453
320096338,A2,CS/SSC/SSM permit,1/10/2020,3398603,BROOKLYN,305,767 LINCOLN AVE,1,40.67023849487305,-73.86583709716797
310076333,NB,CS/SSC/SSM permit,3/1/2020,3398643,BROOKLYN,304,1517 BUSHWICK AVENUE,1,40.68291091918945,-73.90574645996094
320704500,NB,CS/SSC/SSM permit,7/25/2019,3399044,BROOKLYN,304,1461 GATES AVENUE,3,40.69768142700195,-73.91443634033203
320280824,A1,CS/SSC/SSM permit,8/2/2019,3399052,BROOKLYN,306,295 COLUMBIA STREET,1,40.68204879760742,-74.00386047363281
320595806,A1,CS/SSC/SSM permit,5/25/2019,3399119,BROOKLYN,306,510 5TH STREET,1,40.66876983642578,-73.97923278808594
302331206,NB,CS/SSC/SSM permit,5/30/2019,3399198,BROOKLYN,308,1505 BERGEN STREET,1,40.675479888916016,-73.9341812133789
320733177,NB,CS/SSC/SSM permit,4/23/2019,3402017,BROOKLYN,304,165 STOCKHOLM STREET,1,40.699649810791016,-73.92298889160156
320770956,A2,CS/SSC/SSM permit,2/21/2020,3407075,BROOKLYN,312,843 54TH STREET,1,40.63837814331055,-74.0047607421875
320133119,NB,CS/SSC/SSM permit,2/21/2020,3407075,BROOKLYN,312,843 54TH STREET,1,40.63837814331055,-74.0047607421875
320576890,NB,CS/SSC/SSM permit,9/24/2019,3409666,BROOKLYN,301,141 MAUJER STREET,1,40.71092987060547,-73.94508361816406
320400133,NB,CS/SSC/SSM permit,5/8/2019,3411833,BROOKLYN,305,186 FORCE TUBE AVENUE,1,40.682411193847656,-73.87854766845703
320849409,NB,CS/SSC/SSM permit,11/17/2019,3413754,BROOKLYN,307,5223 3RD AVE,3,40.64598846435547,-74.01586151123047
320592587,NB,CS/SSC/SSM permit,5/23/2019,3413781,BROOKLYN,308,1511 BEDFORD AVENUE,1,40.67123031616211,-73.95442199707031
320593602,NB,CS/SSC/SSM permit,12/31/2019,3413826,BROOKLYN,301,51 ASH STREET,1,40.73862075805664,-73.95308685302734
320859479,NB,CS/SSC/SSM permit,11/30/2019,3413886,BROOKLYN,316,1776 BROADWAY,1,40.68230056762695,-73.90992736816406
320877627,NB,CS/SSC/SSM permit,5/15/2019,3413894,BROOKLYN,302,181 FRONT STREET,1,40.702598571777344,-73.9859619140625
320961679,NB,CS/SSC/SSM permit,4/26/2019,3413924,BROOKLYN,304,651 BUSHWICK AVENUE,1,40.69783020019531,-73.9326400756836
320595334,NB,CS/SSC/SSM permit,9/16/2019,3413949,BROOKLYN,304,1164 GREENE AVENUE,1,40.69438171386719,-73.92276763916016
302382062,NB,CS/SSC/SSM permit,10/29/2019,3413995,BROOKLYN,315,2131 OCEAN AVENUE,1,40.609798431396484,-73.95301055908203
320375839,NB,CS/SSC/SSM permit,6/1/2019,3414138,BROOKLYN,302,285 JAY STREET,1,40.69548034667969,-73.98607635498047
320576952,NB,CS/SSC/SSM permit,5/25/2019,3414197,BROOKLYN,306,515 6TH STREET,1,40.66815948486328,-73.97817993164062
320592480,A1,CS/SSC/SSM permit,5/1/2019,3414357,BROOKLYN,308,985 EASTERN PARKWAY,1,40.669559478759766,-73.935546875
320734005,NB,CS/SSC/SSM permit,11/8/2019,3414821,BROOKLYN,302,348 CLERMONT AVE,3,40.68737030029297,-73.97000122070312
301605449,NB,CS/SSC/SSM permit,6/20/2019,3418106,BROOKLYN,309,550 KINGSTON AVENUE,1,40.6603889465332,-73.9429931640625
320834683,NB,CS/SSC/SSM permit,5/9/2019,3418183,BROOKLYN,306,399 3 AVENUE,1,40.6733283996582,-73.98908996582031
302032342,NB,CS/SSC/SSM permit,6/29/2019,3418325,BROOKLYN,312,1544 OCEAN PARKWAY,1,40.610939025878906,-73.96862030029297
310131675,NB,CS/SSC/SSM permit,4/25/2019,3421435,BROOKLYN,314,1357 FLATBUSH AVENUE,1,40.637939453125,-73.95263671875
320197381,NB,CS/SSC/SSM permit,7/22/2019,3421623,BROOKLYN,315,1747 EAST 2ND STREET,1,40.60697937011719,-73.97125244140625
310247042,NB,CS/SSC/SSM permit,5/24/2019,3422087,BROOKLYN,301,10 HURON STREET,1,40.73208999633789,-73.96092224121094
310156504,NB,CS/SSC/SSM permit,7/16/2019,3422358,BROOKLYN,304,574 BUSHWICK AVE,1,40.698760986328125,-73.93544006347656
301813278,NB,CS/SSC/SSM permit,5/15/2019,3422378,BROOKLYN,301,242 WALLABOUT STREET,1,40.699951171875,-73.95311737060547
320583891,NB,CS/SSC/SSM permit,5/28/2019,3423327,BROOKLYN,303,874 WILLOUGHBY AVENUE,1,40.69546890258789,-73.93324279785156
302171281,NB,CS/SSC/SSM permit,8/15/2019,3423528,BROOKLYN,302,538 WASHINGTON AVENUE,1,40.68267059326172,-73.96510314941406
320877271,NB,CS/SSC/SSM permit,12/24/2019,3423894,BROOKLYN,312,1178 47 STREET,1,40.637569427490234,-73.99358367919922
320877280,NB,CS/SSC/SSM permit,12/24/2019,3423895,BROOKLYN,312,1180 47 STREET,1,40.637481689453125,-73.99343872070312
320762929,NB,CS/SSC/SSM permit,10/6/2019,3423976,BROOKLYN,302,143 PARK AVENUE,1,40.69647979736328,-73.97383117675781
320593871,NB,CS/SSC/SSM permit,3/17/2020,3424287,BROOKLYN,301,247 METROPOLITAN AVENUE,1,40.715328216552734,-73.95884704589844
320577746,NB,CS/SSC/SSM permit,3/1/2020,3424459,BROOKLYN,301,284 HUMBOLDT STREET,1,40.71158981323242,-73.94185638427734
310201732,NB,CS/SSC/SSM permit,6/2/2019,3424648,BROOKLYN,312,5506 15 AVE,1,40.628971099853516,-73.99166107177734
320915854,NB,CS/SSC/SSM permit,6/24/2019,3424872,BROOKLYN,310,401 95 STREET,1,40.615848541259766,-74.03038024902344
320438317,NB,CS/SSC/SSM permit,5/10/2019,3425012,BROOKLYN,312,1242 45 STREET,1,40.637779235839844,-73.99109649658203
320724524,A1,CS/SSC/SSM permit,7/1/2019,3425054,BROOKLYN,301,642 BEDFORD AVENUE,1,40.70193862915039,-73.95903778076172
320593657,NB,CS/SSC/SSM permit,10/29/2019,3425069,BROOKLYN,314,50 CLARKSON AVENUE,3,40.65459060668945,-73.95794677734375
320528489,NB,CS/SSC/SSM permit,7/28/2019,3425096,BROOKLYN,312,5521 8TH AVENUE,1,40.637760162353516,-74.00675201416016
320591258,A1,CS/SSC/SSM permit,8/13/2019,3425105,BROOKLYN,306,337 11 STREET,1,40.6679801940918,-73.98677825927734
320376972,NB,CS/SSC/SSM permit,5/7/2019,3425311,BROOKLYN,301,96 WYTHE AVE,1,40.72161102294922,-73.9588394165039
320590525,NB,CS/SSC/SSM permit,8/29/2019,3425340,BROOKLYN,302,9 OLD FULTON STREET,1,40.70294952392578,-73.99376678466797
320835209,A1,CS/SSC/SSM permit,9/19/2019,3425350,BROOKLYN,314,1221 EAST 22 STREET,1,40.622188568115234,-73.95343017578125
320593737,NB,CS/SSC/SSM permit,9/22/2019,3425507,BROOKLYN,313,2819 WEST 17TH STREET,1,40.57844924926758,-73.98478698730469
320992155,NB,CS/SSC/SSM permit,6/17/2019,3425518,BROOKLYN,315,1601 KINGS HIGHWAY,1,40.60955810546875,-73.95709228515625
320690187,NB,CS/SSC/SSM permit,8/17/2019,3425520,BROOKLYN,312,309 OCEAN PARKWAY,1,40.64186096191406,-73.97318267822266
320896205,NB,CS/SSC/SSM permit,6/12/2019,3425623,BROOKLYN,301,209 KENT STREET,1,40.7313117980957,-73.95233917236328
320377560,NB,CS/SSC/SSM permit,3/28/2020,3425647,BROOKLYN,316,120 OSBORN STREET,1,40.669471740722656,-73.90904998779297
320593586,NB,CS/SSC/SSM permit,1/9/2020,3425663,BROOKLYN,304,435 CENTRAL AVENUE,1,40.69260025024414,-73.91504669189453
320058897,NB,CS/SSC/SSM permit,5/15/2019,3425673,BROOKLYN,301,885 GRAND STREET,1,40.712669372558594,-73.93878936767578
320516330,A1,CS/SSC/SSM permit,7/13/2019,3425677,BROOKLYN,301,119 NORTH 1ST STREET,1,40.715579986572266,-73.96190643310547
320593808,NB,CS/SSC/SSM permit,5/9/2019,3425733,BROOKLYN,301,175 JACKSON STREET,1,40.717018127441406,-73.94374084472656
320915113,NB,CS/SSC/SSM permit,10/3/2019,3425760,BROOKLYN,307,4102 8TH AVENUE,1,40.646209716796875,-73.99891662597656
310069840,NB,CS/SSC/SSM permit,5/7/2019,3425781,BROOKLYN,303,199 SKILLMAN STREET,1,40.69219970703125,-73.95636749267578
320906374,NB,CS/SSC/SSM permit,12/22/2019,3425881,BROOKLYN,310,1171 86TH STREET,1,40.61589050292969,-74.0163803100586
320613494,NB,CS/SSC/SSM permit,5/28/2019,3425954,BROOKLYN,301,125 BORINQUEN PLACE,1,40.7109489440918,-73.95445251464844
320591944,NB,CS/SSC/SSM permit,12/30/2019,3425961,BROOKLYN,301,19 KENT AVE,2,40.72294998168945,-73.95780181884766
302197414,NB,CS/SSC/SSM permit,3/22/2020,3425990,BROOKLYN,314,2025 OCEAN AVENUE,1,40.612430572509766,-73.95350646972656
320928305,NB,CS/SSC/SSM permit,7/25/2019,3426009,BROOKLYN,301,285 GRAND STREET,1,40.71329116821289,-73.95760345458984
320373662,NB,CS/SSC/SSM permit,6/13/2019,3426022,BROOKLYN,301,25 HOPE STREET,1,40.71379852294922,-73.95687866210938
320593336,NB,CS/SSC/SSM permit,5/7/2019,3426032,BROOKLYN,308,564 ST JOHN PL,1,40.672489166259766,-73.9590835571289
310234207,NB,CS/SSC/SSM permit,5/24/2019,3426061,BROOKLYN,301,19 INDIA STREET,1,40.73217010498047,-73.96005249023438
320458768,NB,CS/SSC/SSM permit,9/28/2019,3426102,BROOKLYN,303,1044 BEDFORD AVE,1,40.689170837402344,-73.95536041259766
320864105,A1,CS/SSC/SSM permit,8/13/2019,3426177,BROOKLYN,306,319 DEGRAW STREET,1,40.68341064453125,-73.99371337890625
302226197,A1,CS/SSC/SSM permit,3/21/2020,3426201,BROOKLYN,312,900 CONEY ISLAND AVENUE,1,40.63541030883789,-73.96817016601562
320868361,NB,CS/SSC/SSM permit,5/17/2019,3426227,BROOKLYN,303,426 TOMPKINS AVENUE,1,40.682621002197266,-73.94377899169922
320373742,NB,CS/SSC/SSM permit,3/20/2020,3426286,BROOKLYN,308,816 WASHINGTON AVENUE,1,40.6734504699707,-73.9632568359375
320824097,NB,CS/SSC/SSM permit,12/16/2019,3426318,BROOKLYN,304,557 HART STREET,1,40.697139739990234,-73.92952728271484
301974460,NB,CS/SSC/SSM permit,10/11/2019,3426399,BROOKLYN,314,733 OCEAN PARKWAY,1,40.63071060180664,-73.97112274169922
310221051,NB,CS/SSC/SSM permit,8/20/2019,3426478,BROOKLYN,303,901 GREENE AVENUE,1,40.690879821777344,-73.93158721923828
320519346,NB,CS/SSC/SSM permit,12/31/2019,3426490,BROOKLYN,305,102 WILLIAMS AVENUE,1,40.673919677734375,-73.90049743652344
320373868,NB,CS/SSC/SSM permit,1/8/2020,3426549,BROOKLYN,301,176 JACKSON STREET,3,40.71651077270508,-73.94389343261719
320915578,NB,CS/SSC/SSM permit,4/15/2020,3426629,BROOKLYN,302,8 NEVINS STREET,1,40.688419342041016,-73.9814224243164
320469417,A1,CS/SSC/SSM permit,10/3/2019,3426648,BROOKLYN,307,779 47TH STREET,1,40.64313888549805,-74.00205993652344
320502238,A1,CS/SSC/SSM permit,7/22/2019,3426678,BROOKLYN,315,2047 EAST 3 STREET,1,40.60034942626953,-73.96896362304688
320406164,NB,CS/SSC/SSM permit,10/15/2019,3805228,BROOKLYN,306,468 BALTIC STREET,1,40.68254852294922,-73.98658752441406
301779396,NB,CS/SSC/SSM permit,4/1/2020,3806286,BROOKLYN,302,346 BERGEN STREET,1,40.68259048461914,-73.98049926757812
320958139,A2,CS/SSC/SSM permit,8/9/2019,3820835,BROOKLYN,303,709 MARCY AVENUE,2,40.690128326416016,-73.94815063476562
320593826,NB,CS/SSC/SSM permit,8/22/2019,3823500,BROOKLYN,302,287 PACIFIC STREET,1,40.687950134277344,-73.98890686035156
310118039,NB,CS/SSC/SSM permit,11/16/2019,3825643,BROOKLYN,316,400 ROCKAWAY AVENUE,1,40.67036819458008,-73.91121673583984
320391535,NB,CS/SSC/SSM permit,8/9/2019,3827986,BROOKLYN,303,366 STOCKTON STREET,1,40.69728088378906,-73.93720245361328
320248246,A1,CS/SSC/SSM permit,8/10/2019,3829709,BROOKLYN,306,369 VAN BRUNT STREET,1,40.67646026611328,-74.0135726928711
320915863,NB,CS/SSC/SSM permit,3/12/2020,3839660,BROOKLYN,302,20 OLD FULTON STREET,3,40.70254898071289,-73.99408721923828
301677460,NB,CS/SSC/SSM permit,8/17/2019,3847142,BROOKLYN,313,271 SEA BREEZE AVENUE,1,40.57622146606445,-73.9713134765625
320377472,NB,CS/SSC/SSM permit,10/1/2019,3851635,BROOKLYN,302,13 ST. MARKS PLACE,1,40.68280029296875,-73.98185729980469
301964872,NB,CS/SSC/SSM permit,11/30/2019,3854305,BROOKLYN,308,1025 PACIFIC STREET,1,40.67947006225586,-73.95964050292969
320595593,NB,CS/SSC/SSM permit,5/28/2019,3855979,BROOKLYN,304,28A LAWTON STREET,1,40.69540023803711,-73.93018341064453
320515527,NB,CS/SSC/SSM permit,5/19/2019,3856329,BROOKLYN,303,361 MACON STREET,1,40.6827507019043,-73.9371337890625
320965096,A2,CS/SSC/SSM permit,9/9/2019,3856468,BROOKLYN,313,3070 BRIGHTON 14TH STREET,1,40.57830810546875,-73.95597076416016
310177625,NB,CS/SSC/SSM permit,9/9/2019,3856468,BROOKLYN,313,3070 BRIGHTON 14TH STREET,1,40.57830810546875,-73.95597076416016
320461095,NB,CS/SSC/SSM permit,3/13/2020,3856570,BROOKLYN,301,14 OLIVE STREET,3,40.712989807128906,-73.9384765625
310302240,NB,CS/SSC/SSM permit,11/1/2019,3856601,BROOKLYN,313,300 AVENUE Y,1,40.58755111694336,-73.97398376464844
420259945,A1,CS/SSC/SSM permit,11/14/2019,4000091,QUEENS,402,5-33 48 AVENUE,1,40.744529724121094,-73.95464324951172
410114424,NB,CS/SSC/SSM permit,5/9/2019,4000093,QUEENS,402,47-27 5 STREET,1,40.74509048461914,-73.95551300048828
400525375,A1,CS/SSC/SSM permit,12/1/2019,4003174,QUEENS,402,45-39 37 STREET,1,40.742820739746094,-73.92796325683594
420650290,A1,CS/SSC/SSM permit,12/1/2019,4003436,QUEENS,402,45-11 33 STREET,1,40.74367141723633,-73.93141174316406
420907745,A2,CS/SSC/SSM permit,1/2/2020,4003516,QUEENS,402,29-10 THOMPSON AVE,2,40.74428176879883,-73.93792724609375
420620901,NB,CS/SSC/SSM permit,5/1/2019,4004460,QUEENS,401,25-16 37 AVE,1,40.75640106201172,-73.93437957763672
402121011,A1,CS/SSC/SSM permit,6/21/2019,4004797,QUEENS,401,25-03 40 AVENUE,1,40.75352096557617,-73.93763732910156
420821748,NB,CS/SSC/SSM permit,10/3/2019,4004976,QUEENS,401,41-03 21ST STREET,1,40.75368118286133,-73.94233703613281
420650110,NB,CS/SSC/SSM permit,7/19/2019,4005015,QUEENS,401,41-32 27TH STREET,1,40.75115966796875,-73.93932342529297
420605964,A1,CS/SSC/SSM permit,5/2/2019,4005438,QUEENS,401,11-28 31 DRIVE,1,40.768009185791016,-73.93504333496094
420960455,DM,CS/SSC/SSM permit,7/3/2019,4005652,QUEENS,401,30-11 12 STREET,1,40.770999908447266,-73.93131256103516
420492522,NB,CS/SSC/SSM permit,5/24/2019,4006651,QUEENS,401,23-16 31ST AVENUE,1,40.76622009277344,-73.92829895019531
420839409,NB,CS/SSC/SSM permit,9/24/2019,4008607,QUEENS,401,31-25 NEWTOWN AVENUE,1,40.76707077026367,-73.92012023925781
420649249,A1,CS/SSC/SSM permit,10/31/2019,4008824,QUEENS,401,32-27 34TH ST.,1,40.76002883911133,-73.9233169555664
420474347,A1,CS/SSC/SSM permit,11/19/2019,4009030,QUEENS,401,33-02 30TH AVENUE,1,40.76585006713867,-73.9197769165039
420515525,A1,CS/SSC/SSM permit,12/2/2019,4010273,QUEENS,401,24-30 STEINWAY STREET,1,40.76844024658203,-73.91165924072266
401856238,A1,CS/SSC/SSM permit,12/2/2019,4010377,QUEENS,401,32-67 37 STREET,1,40.757938385009766,-73.92170715332031
420603056,A1,CS/SSC/SSM permit,4/15/2020,4016124,QUEENS,401,20-09 37TH STREET,1,40.777061462402344,-73.9031982421875
420303077,A1,CS/SSC/SSM permit,12/2/2019,4017003,QUEENS,401,22-21 33 STREET,1,40.77470016479492,-73.91001892089844
420819163,NB,CS/SSC/SSM permit,7/3/2019,4017171,QUEENS,401,23-67 31ST STREET,1,40.77278137207031,-73.91435241699219
420550291,NB,CS/SSC/SSM permit,5/24/2019,4017184,QUEENS,401,23-11 31 ST.,1,40.77389144897461,-73.91300201416016
420960339,NB,CS/SSC/SSM permit,12/17/2019,4017408,QUEENS,401,27-15 ASTORIA BLVD,1,40.771018981933594,-73.92066955566406
402894123,A2,CS/SSC/SSM permit,11/14/2019,4017485,QUEENS,401,23-70 31ST STREET,1,40.77312088012695,-73.9150390625
420597438,NB,CS/SSC/SSM permit,9/25/2019,4019949,QUEENS,401,25-35 18TH STREET,1,40.77460861206055,-73.92637634277344
420574097,A2,CS/SSC/SSM permit,9/17/2019,4021378,QUEENS,401,21-46 76 STREET,1,40.76905059814453,-73.893798828125
420212362,A1,CS/SSC/SSM permit,6/29/2019,4022504,QUEENS,401,27-07 BROOKLYN QUEENS EXPWY W SR N,1,40.76055145263672,-73.90093994140625
410071238,NB,CS/SSC/SSM permit,8/17/2019,4027657,QUEENS,402,57-14 37   AVENUE,1,40.750030517578125,-73.90474700927734
420240215,NB,CS/SSC/SSM permit,5/1/2019,4029734,QUEENS,403,70-38 BROADWAY,1,40.747779846191406,-73.89481353759766
420916708,A1,CS/SSC/SSM permit,6/16/2019,4029890,QUEENS,403,37-21 76 STREET,1,40.74856948852539,-73.88958740234375
402495019,A1,CS/SSC/SSM permit,2/16/2020,4034823,QUEENS,403,32-35 87 STREET,1,40.75714111328125,-73.88065338134766
420975243,NB,CS/SSC/SSM permit,2/7/2020,4036712,QUEENS,404,40-23 74 STREET,1,40.74612045288086,-73.89100646972656
400724338,A1,CS/SSC/SSM permit,3/11/2020,4039441,QUEENS,404,1 CLAREMONT TERRACE,1,40.741310119628906,-73.87890625
420605713,NB,CS/SSC/SSM permit,2/1/2020,4039771,QUEENS,404,40-07 95TH ST.,1,40.748779296875,-73.87104797363281
420897943,NB,CS/SSC/SSM permit,8/25/2019,4040252,QUEENS,404,40-47 97TH STREET,1,40.74811935424805,-73.86740112304688
420508230,NB,CS/SSC/SSM permit,11/17/2019,4042512,QUEENS,403,100-12 NORTHERN BLVD,1,40.75709915161133,-73.8678970336914
410132887,NB,CS/SSC/SSM permit,4/19/2019,4046403,QUEENS,404,96-05 50  AVENUE,1,40.74205017089844,-73.86670684814453
420816576,NB,CS/SSC/SSM permit,6/21/2019,4050555,QUEENS,406,99-27 62 ROAD,1,40.734859466552734,-73.85701751708984
401995828,A1,CS/SSC/SSM permit,11/17/2019,4051845,QUEENS,411,66-35 108 STREET,1,40.7293701171875,-73.84742736816406
420607383,A1,CS/SSC/SSM permit,5/1/2019,4052606,QUEENS,406,112-18 68 ROAD,1,40.727638244628906,-73.84088134765625
402887916,A2,CS/SSC/SSM permit,3/17/2020,4059130,QUEENS,405,58-74 57TH STREET,2,40.718238830566406,-73.9124526977539
420900350,A1,CS/SSC/SSM permit,7/1/2019,4060488,QUEENS,405,61-15 56TH  AVENUE,1,40.7252197265625,-73.90370178222656
402886276,A2,CS/SSC/SSM permit,8/3/2019,4060987,QUEENS,405,60-02 60TH LANE,2,40.71630096435547,-73.9044418334961
420977508,A1,CS/SSC/SSM permit,6/6/2019,4063940,QUEENS,405,69-18 60 DRIVE,1,40.72024917602539,-73.89108276367188
420793920,A1,CS/SSC/SSM permit,8/23/2019,4068360,QUEENS,405,62-06 82 ST.,1,40.72357177734375,-73.87602233886719
420651155,NB,CS/SSC/SSM permit,6/15/2019,4068664,QUEENS,405,62-96 WOODHAVEN BLVD,1,40.724609375,-73.86991119384766
402307302,A1,CS/SSC/SSM permit,1/16/2020,4077447,QUEENS,406,68-60 AUSTIN STREET,1,40.72206115722656,-73.85063171386719
420630124,A1,CS/SSC/SSM permit,5/26/2019,4081973,QUEENS,405,482 SENECA AVENUE,1,40.705448150634766,-73.91265869140625
420509444,NB,CS/SSC/SSM permit,2/21/2020,4100784,QUEENS,407,31-16 LINDEN PLACE,1,40.7688102722168,-73.83270263671875
420187416,A1,CS/SSC/SSM permit,7/29/2019,4101273,QUEENS,407,74 MALBA DRIVE,1,40.79199981689453,-73.82705688476562
410184303,A1,CS/SSC/SSM permit,3/21/2020,4101429,QUEENS,407,145-76 5 AVENUE,1,40.794620513916016,-73.82243347167969
400612119,A1,CS/SSC/SSM permit,5/7/2019,4102511,QUEENS,407,6-24 150 PLACE,1,40.795658111572266,-73.8154296875
420836117,A1,CS/SSC/SSM permit,7/26/2019,4104241,QUEENS,407,162-46 14 AVE,1,40.78886032104492,-73.79924011230469
420783067,A2,CS/SSC/SSM permit,6/15/2019,4109037,QUEENS,407,150-33 BAYSIDE AVE,1,40.771751403808594,-73.81443786621094
420864559,A1,CS/SSC/SSM permit,11/17/2019,4109489,QUEENS,407,153-14 32 AVE,1,40.76972961425781,-73.81072235107422
420625951,NB,CS/SSC/SSM permit,8/24/2019,4111894,QUEENS,407,132-15 35 AVE.,1,40.76393127441406,-73.83538055419922
401622669,A1,CS/SSC/SSM permit,6/15/2019,4112123,QUEENS,407,13535 NORTHERN BOULEVARD,1,40.76361083984375,-73.83209991455078
402594554,NB,CS/SSC/SSM permit,2/7/2020,4113208,QUEENS,407,146-10 35 AVENUE,1,40.7659912109375,-73.82048797607422
420604448,NB,CS/SSC/SSM permit,8/10/2019,4113349,QUEENS,407,142-22 37TH AVENUE,1,40.762420654296875,-73.82650756835938
420876939,A1,CS/SSC/SSM permit,4/28/2019,4113419,QUEENS,407,144-02 NORTHERN BLVD,1,40.76443099975586,-73.82290649414062
420848523,NB,CS/SSC/SSM permit,2/20/2020,4114229,QUEENS,407,133-20 41 AVE,1,40.757240295410156,-73.83110809326172
400754778,NB,CS/SSC/SSM permit,2/19/2020,4116515,QUEENS,407,137-53 KALMIA AVENUE,1,40.74953079223633,-73.81912231445312
402473603,NB,CS/SSC/SSM permit,5/11/2019,4117158,QUEENS,407,142-15 CHERRY AVENUE,1,40.75545883178711,-73.82080078125
420937035,A2,CS/SSC/SSM permit,7/2/2019,4119272,QUEENS,407,35-20 156 STREET,1,40.765289306640625,-73.80927276611328
420947015,NB,CS/SSC/SSM permit,11/30/2019,4121262,QUEENS,407,41-97 PARSONS BLVD,3,40.75825119018555,-73.81915283203125
401132573,A1,CS/SSC/SSM permit,12/1/2019,4125183,QUEENS,411,200-15 45 ROAD,1,40.75640106201172,-73.78185272216797
420508196,A1,CS/SSC/SSM permit,9/19/2019,4125222,QUEENS,411,202-27 45 ROAD,1,40.756988525390625,-73.7796630859375
410089416,A1,CS/SSC/SSM permit,4/24/2019,4129805,QUEENS,407,204-19 23 AVE,1,40.7777214050293,-73.7887191772461
420330010,NB,CS/SSC/SSM permit,8/19/2019,4133586,QUEENS,411,214-37 26 AVE,1,40.77915954589844,-73.77462005615234
402514301,A1,CS/SSC/SSM permit,8/19/2019,4133586,QUEENS,411,214-37 26 AVENUE,1,40.77915954589844,-73.77462005615234
420838482,A1,CS/SSC/SSM permit,4/15/2020,4134097,QUEENS,411,32-25 FRANCIS LEWIS BLVD,1,40.76871871948242,-73.7912826538086
402890886,A2,CS/SSC/SSM permit,2/27/2020,4134578,QUEENS,411,3224 CORPORAL KENNEDY STREET,2,40.77128982543945,-73.78103637695312
420885769,A1,CS/SSC/SSM permit,7/17/2019,4134961,QUEENS,411,214-64 32 ROAD,1,40.77330017089844,-73.77107238769531
420605900,A1,CS/SSC/SSM permit,11/9/2019,4140108,QUEENS,407,58-01 MAIN STREET,1,40.745079040527344,-73.82566833496094
402585038,A1,CS/SSC/SSM permit,2/15/2020,4140370,QUEENS,407,57-11 146 STREET,1,40.744720458984375,-73.82134246826172
420798186,A1,CS/SSC/SSM permit,9/4/2019,4142012,QUEENS,408,68-04 147TH STREET,1,40.733619689941406,-73.8227310180664
420913140,A1,CS/SSC/SSM permit,5/8/2019,4143775,QUEENS,408,69-69 MAIN STREET,1,40.72959899902344,-73.82301330566406
420161247,NB,CS/SSC/SSM permit,10/25/2019,4144681,QUEENS,408,147-58 77TH ROAD,1,40.7216796875,-73.81453704833984
420842814,A1,CS/SSC/SSM permit,1/18/2020,4147669,QUEENS,408,153-14 78 ROAD,1,40.72124099731445,-73.81088256835938
402884410,A2,CS/SSC/SSM permit,3/27/2020,4147847,QUEENS,408,158-40 76TH ROAD,2,40.72420120239258,-73.80937194824219
410054140,A1,CS/SSC/SSM permit,7/2/2019,4151973,QUEENS,408,76-31 175 STREET,1,40.72597885131836,-73.79412841796875
420949576,A1,CS/SSC/SSM permit,7/2/2019,4155641,QUEENS,408,178-33 KILDARE ROAD,1,40.72356033325195,-73.78829956054688
420961560,A1,CS/SSC/SSM permit,11/30/2019,4155879,QUEENS,408,182-14 MIDLAND PARKWAY,1,40.721839904785156,-73.78376007080078
420942662,A2,CS/SSC/SSM permit,5/1/2019,4156297,QUEENS,408,186-36 AVON ROAD,1,40.722808837890625,-73.77867126464844
402002649,A1,CS/SSC/SSM permit,4/1/2020,4161951,QUEENS,411,231-02 57 AVENUE,1,40.754478454589844,-73.74883270263672
420014399,A1,CS/SSC/SSM permit,4/30/2019,4168058,QUEENS,411,28-05 EAST DRIVE,1,40.7796516418457,-73.7513427734375
420843797,A1,CS/SSC/SSM permit,10/2/2019,4168217,QUEENS,411,240-82 BEVERLY ROAD,1,40.77762985229492,-73.74636840820312
410080638,A1,CS/SSC/SSM permit,5/1/2019,4168309,QUEENS,411,248 HOLLYWOOD AVENUE,1,40.7757682800293,-73.74916076660156
420463698,A1,CS/SSC/SSM permit,12/5/2019,4171633,QUEENS,411,49-33 LITTLE NECK PKWY,1,40.76897048950195,-73.73027038574219
402568805,A1,CS/SSC/SSM permit,5/5/2019,4173137,QUEENS,411,63-24 254 STREET,1,40.75580978393555,-73.72434997558594
420572124,A1,CS/SSC/SSM permit,5/16/2019,4176652,QUEENS,413,244-11 88TH DRIVE,1,40.72846984863281,-73.72321319580078
420636100,A1,CS/SSC/SSM permit,7/20/2019,4178283,QUEENS,413,80-47 267 STREET,1,40.74497985839844,-73.70393371582031
410231020,A1,CS/SSC/SSM permit,12/4/2019,4185536,QUEENS,409,89-40 87TH STREET,1,40.6885986328125,-73.85604858398438
402613472,A1,CS/SSC/SSM permit,7/16/2019,4186886,QUEENS,409,94-14 77 STREET,1,40.68368148803711,-73.86258697509766
402403608,A1,CS/SSC/SSM permit,8/19/2019,4198755,QUEENS,409,101-44 111 STREET,1,40.68669128417969,-73.83233642578125
420910679,A1,CS/SSC/SSM permit,8/23/2019,4201008,QUEENS,409,101-19 129 STREET,1,40.691749572753906,-73.81736755371094
400982870,A1,CS/SSC/SSM permit,12/20/2019,4201120,QUEENS,409,101-16 133 STREET,1,40.69261932373047,-73.81452178955078
402882314,A2,CS/SSC/SSM permit,6/19/2019,4202849,QUEENS,410,101-08 ROCKAWAY BOULEVARD,1,40.67829895019531,-73.83679962158203
420508711,A2,CS/SSC/SSM permit,4/10/2020,4202920,QUEENS,410,105-10 107TH AVENUE,1,40.68083953857422,-73.83484649658203
420370191,A2,CS/SSC/SSM permit,8/3/2019,4203487,QUEENS,410,107-17 113 STREET,1,40.68244934082031,-73.82769012451172
402144871,A1,CS/SSC/SSM permit,5/11/2019,4203895,QUEENS,410,103-21 124 STREET,1,40.6886100769043,-73.82025146484375
420876430,NB,CS/SSC/SSM permit,9/1/2019,4206344,QUEENS,412,140-35 QUEENS BLVD,1,40.70322036743164,-73.81437683105469
402103745,NB,CS/SSC/SSM permit,5/9/2019,4207884,QUEENS,404,84-03 LANDER STREET,1,40.71348190307617,-73.81566619873047
402214206,NB,CS/SSC/SSM permit,12/5/2019,4208450,QUEENS,408,84-42 SMEDLEY STREET,1,40.71232986450195,-73.81282806396484
420952320,NB,CS/SSC/SSM permit,2/14/2020,4210223,QUEENS,412,87-65 171 STREET,1,40.711181640625,-73.79057312011719
402303896,NB,CS/SSC/SSM permit,5/3/2019,4210523,QUEENS,408,87-46 168 PLACE,1,40.71073913574219,-73.7944107055664
402891411,A1,CS/SSC/SSM permit,1/1/2020,4214461,QUEENS,412,143-40 101ST AVENUE,1,40.69493103027344,-73.80683135986328
402891475,A2,CS/SSC/SSM permit,1/1/2020,4222137,QUEENS,412,90-11 191ST STREET,3,40.71343994140625,-73.76889038085938
402889718,A1,CS/SSC/SSM permit,12/28/2019,4222137,QUEENS,412,90-11 191 STREET,1,40.71343994140625,-73.76889038085938
410149753,A2,CS/SSC/SSM permit,6/20/2019,4252268,QUEENS,410,126-13 116 AVE,1,40.677391052246094,-73.81217193603516
402892848,A2,CS/SSC/SSM permit,6/29/2019,4276382,QUEENS,413,120-45 235TH STREET,5,40.68500900268555,-73.72923278808594
402892704,A2,CS/SSC/SSM permit,6/29/2019,4276382,QUEENS,413,120-45 235TH STREET,3,40.68500900268555,-73.72923278808594
402891000,A1,CS/SSC/SSM permit,12/28/2019,4276382,QUEENS,413,120-45 235 STREET,1,40.68500900268555,-73.72923278808594
420651333,NB,CS/SSC/SSM permit,7/30/2019,4282538,QUEENS,413,228-02 MERRICK BOULEVARD,1,40.67633056640625,-73.74201202392578
420603421,NB,CS/SSC/SSM permit,5/2/2019,4286150,QUEENS,413,147-05 GUY R BREWER BLVD,1,40.66006851196289,-73.76751708984375
420360656,A2,CS/SSC/SSM permit,8/21/2019,4295148,QUEENS,410,158-51 97 STREET,1,40.659950256347656,-73.83599853515625
402313493,NB,CS/SSC/SSM permit,5/16/2019,4298172,QUEENS,414,1045 BEACH    9 STREET,1,40.60475158691406,-73.74613189697266
401281046,A1,CS/SSC/SSM permit,1/1/2020,4298346,QUEENS,414,715 VIRGINIA STREET,1,40.60462951660156,-73.74141693115234
402036845,A1,CS/SSC/SSM permit,3/24/2020,4298451,QUEENS,414,1217 GATEWAY BOULEVARD,1,40.602779388427734,-73.74710845947266
420809780,A1,CS/SSC/SSM permit,6/26/2019,4299395,QUEENS,414,19-09 PLAINVIEW AVENUE,1,40.59733963012695,-73.7536392211914
402881324,A2,CS/SSC/SSM permit,3/20/2020,4303354,QUEENS,414,2-45 BEACH 79TH STREET,2,40.589210510253906,-73.80589294433594
420582499,A1,CS/SSC/SSM permit,7/17/2019,4306906,QUEENS,414,231 BEACH 147 STREET,1,40.57072067260742,-73.86322021484375
410232270,A1,CS/SSC/SSM permit,6/15/2019,4309846,QUEENS,407,45-52 KISSENA BLVD,1,40.75086975097656,-73.81979370117188
402886445,NB,CS/SSC/SSM permit,12/28/2019,4310514,QUEENS,412,88-08 164TH STREET,1,40.70838928222656,-73.79828643798828
410081236,A2,CS/SSC/SSM permit,11/9/2019,4433284,QUEENS,407,126-13 22 AVE,1,40.78028869628906,-73.84175109863281
420881200,A2,CS/SSC/SSM permit,8/3/2019,4436686,QUEENS,402,4825 37TH STREET,3,40.73944091796875,-73.92864227294922
402883518,A2,CS/SSC/SSM permit,5/15/2019,4437174,QUEENS,404,40-30 99 STREET,2,40.74856948852539,-73.86654663085938
401064708,A1,CS/SSC/SSM permit,8/22/2019,4437409,QUEENS,402,50-25 71 STREET,1,40.736549377441406,-73.89295959472656
420253040,NB,CS/SSC/SSM permit,2/19/2020,4438162,QUEENS,407,42-15 UNION ST,1,40.757511138916016,-73.82454681396484
401899371,NB,CS/SSC/SSM permit,1/1/2020,4439901,QUEENS,408,146-48 REEVES AVENUE,1,40.73740005493164,-73.82373809814453
401466775,NB,CS/SSC/SSM permit,6/19/2019,4442634,QUEENS,401,30-86 14 STREET,1,40.768890380859375,-73.93186950683594
420603582,NB,CS/SSC/SSM permit,6/2/2019,4444576,QUEENS,407,32-11 HARPER STREET,3,40.764530181884766,-73.84127044677734
402654971,NB,CS/SSC/SSM permit,11/1/2019,4539113,QUEENS,402,27-17 42 ROAD,1,40.74932861328125,-73.93993377685547
420896775,NB,CS/SSC/SSM permit,5/8/2019,4539318,QUEENS,407,132-22 41 ROAD,1,40.755611419677734,-73.8325424194336
420300533,NB,CS/SSC/SSM permit,10/26/2019,4539358,QUEENS,404,86-50 DONGAN AVENUE,1,40.7411994934082,-73.8778305053711
420336880,NB,CS/SSC/SSM permit,9/1/2019,4539510,QUEENS,407,42-29 PARSONS BLVD,1,40.75817108154297,-73.81887817382812
402885669,NB,CS/SSC/SSM permit,1/1/2020,4540018,QUEENS,403,110-08 NORTHERN BLVD,1,40.75761032104492,-73.85891723632812
420569085,NB,CS/SSC/SSM permit,2/4/2020,4540366,QUEENS,401,34-46 VERNON BOULEVARD,1,40.764801025390625,-73.94207763671875
402886935,NB,CS/SSC/SSM permit,12/28/2019,4541381,QUEENS,409,90-07 101 AVE,1,40.68339920043945,-73.84996795654297
420475907,A1,CS/SSC/SSM permit,5/25/2019,4541410,QUEENS,405,78-00 MYRTLE AVE,1,40.698951721191406,-73.87610626220703
420524515,NB,CS/SSC/SSM permit,10/20/2019,4541428,QUEENS,402,70-26 QUEENS BLVD,1,40.739280700683594,-73.89317321777344
420778448,NB,CS/SSC/SSM permit,11/8/2019,4542669,QUEENS,407,41-28 150TH STREET,1,40.76190185546875,-73.8138198852539
420605660,NB,CS/SSC/SSM permit,4/1/2020,4542765,QUEENS,403,34-49 107TH STREET,3,40.75471115112305,-73.8610610961914
420606053,NB,CS/SSC/SSM permit,8/31/2019,4543420,QUEENS,401,30-19 CRESCENT STREET,1,40.76805114746094,-73.92484283447266
420812856,NB,CS/SSC/SSM permit,8/24/2019,4543421,QUEENS,401,31-28 NORTHERN BLVD,3,40.7517204284668,-73.93328094482422
420348804,NB,CS/SSC/SSM permit,11/9/2019,4545475,QUEENS,408,77-11 MAIN STREET,1,40.72114181518555,-73.81854248046875
402889264,A2,CS/SSC/SSM permit,6/29/2019,4546451,QUEENS,401,30-44 43 STREET,1,40.76176071166992,-73.9139633178711
402887550,A2,CS/SSC/SSM permit,1/1/2020,4546451,QUEENS,401,30-44 43RD STREET,3,40.76176071166992,-73.9139633178711
402886506,A1,CS/SSC/SSM permit,1/1/2020,4546451,QUEENS,401,30-44 43RD STREET,1,40.76176071166992,-73.9139633178711
402884679,NB,CS/SSC/SSM permit,1/1/2020,4547623,QUEENS,404,98-11 44TH AVENUE,1,40.746009826660156,-73.86518859863281
420811679,NB,CS/SSC/SSM permit,3/27/2020,4555034,QUEENS,410,104-14 127TH STREET,1,40.688289642333984,-73.8179702758789
420648062,NB,CS/SSC/SSM permit,5/29/2019,4567281,QUEENS,405,57-27 57 DRIVE,1,40.72182846069336,-73.91272735595703
420648044,NB,CS/SSC/SSM permit,5/1/2019,4567288,QUEENS,405,57-49 RUST STREET,1,40.72193145751953,-73.91294860839844
420648053,NB,CS/SSC/SSM permit,5/1/2019,4567291,QUEENS,405,57-51 RUST STREET,1,40.721778869628906,-73.91290283203125
420648017,NB,CS/SSC/SSM permit,8/1/2019,4567659,QUEENS,407,166-17 NORTHERN BLVD,3,40.75971984863281,-73.7995376586914
420647991,NB,CS/SSC/SSM permit,8/1/2019,4567671,QUEENS,407,166-13 NORTHERN BLVD,3,40.75978088378906,-73.79972839355469
420647973,NB,CS/SSC/SSM permit,8/1/2019,4567673,QUEENS,407,166-09 NORTHERN BLVD,3,40.75986099243164,-73.79989624023438
420812446,NB,CS/SSC/SSM permit,6/30/2019,4570298,QUEENS,404,51-35 REEDER ST,1,40.737388610839844,-73.87786102294922
420854070,NB,CS/SSC/SSM permit,11/1/2019,4576571,QUEENS,404,45-16 83RD STREET,1,40.7411994934082,-73.88221740722656
420606829,NB,CS/SSC/SSM permit,9/1/2019,4594151,QUEENS,402,47-40 CENTER BOULEVARD,1,40.745479583740234,-73.9587173461914
420919901,NB,CS/SSC/SSM permit,8/8/2019,4594826,QUEENS,401,26-20 14TH PLACE,1,40.77357864379883,-73.92794036865234
420651440,NB,CS/SSC/SSM permit,9/1/2019,4594828,QUEENS,402,4-44 47 ROAD,1,40.745479583740234,-73.9587173461914
420651459,NB,CS/SSC/SSM permit,9/1/2019,4594829,QUEENS,402,4-50 47 RD,1,40.74536895751953,-73.95648193359375
420804188,NB,CS/SSC/SSM permit,3/31/2020,4594838,QUEENS,401,37-11 23 STREET,1,40.757389068603516,-73.93624877929688
420909002,NB,CS/SSC/SSM permit,11/20/2019,4594862,QUEENS,411,201-08 NORTHERN BLVD,1,40.75727844238281,-73.78173065185547
420605116,NB,CS/SSC/SSM permit,7/17/2019,4595606,QUEENS,401,25-83 31 STREET,1,40.76837921142578,-73.91948699951172
420967421,NB,CS/SSC/SSM permit,1/9/2020,4595613,QUEENS,401,14-53 31 AVE.,1,40.76768112182617,-73.92993927001953
420648008,NB,CS/SSC/SSM permit,8/1/2019,4596182,QUEENS,407,166-15 NORTHERN BLVD,3,40.75962829589844,-73.8000717163086
420869153,NB,CS/SSC/SSM permit,6/12/2019,4596214,QUEENS,412,89-14 150 STREET,1,40.70412063598633,-73.80574035644531
402889843,NB,CS/SSC/SSM permit,1/1/2020,4597303,QUEENS,405,360 SENECA AVENUE,1,40.70718002319336,-73.91571044921875
401701583,NB,CS/SSC/SSM permit,3/3/2020,4597387,QUEENS,401,19-57 49 ST,1,40.772830963134766,-73.8949966430664
401702788,NB,CS/SSC/SSM permit,3/3/2020,4597390,QUEENS,401,19-61 49 ST,1,40.77273178100586,-73.8951187133789
420977759,NB,CS/SSC/SSM permit,11/11/2019,4602514,QUEENS,405,1815 LINDEN STREET,1,40.70423126220703,-73.90898132324219
420571189,NB,CS/SSC/SSM permit,10/3/2019,4607293,QUEENS,410,132-15 NASSAU EXPRESSWAY,1,40.66535949707031,-73.80750274658203
420813285,NB,CS/SSC/SSM permit,6/12/2019,4607300,QUEENS,412,118-35 FARMERS BLVD,3,40.6893310546875,-73.7615966796875
420839150,NB,CS/SSC/SSM permit,6/27/2019,4609936,QUEENS,401,29-19 NEWTOWN AVE,1,40.76906967163086,-73.92146301269531
410213219,NB,CS/SSC/SSM permit,11/15/2019,4610564,QUEENS,407,42-31 UNION STREET,1,40.757259368896484,-73.82389068603516
410184875,NB,CS/SSC/SSM permit,10/31/2019,4610799,QUEENS,410,133-28 131 STREET,1,40.66862869262695,-73.80814361572266
420044437,NB,CS/SSC/SSM permit,9/18/2019,4612922,QUEENS,413,79-15 254 STREET,1,40.74393081665039,-73.71631622314453
420214967,NB,CS/SSC/SSM permit,10/28/2019,4613135,QUEENS,413,241-03 JAMAICA AVENUE,1,40.72407913208008,-73.72635650634766
421520134,NB,CS/SSC/SSM permit,3/20/2020,4617602,QUEENS,407,17-10 WHITESTONE EXPRESSWAY,1,40.78424835205078,-73.82626342773438
420875333,NB,CS/SSC/SSM permit,4/27/2019,4617742,QUEENS,401,9-02 38 AVE,1,40.75870132446289,-73.94322967529297
420948782,NB,CS/SSC/SSM permit,7/28/2019,4617745,QUEENS,401,14-07 BROADWAY,1,40.76628112792969,-73.93302917480469
410200367,NB,CS/SSC/SSM permit,4/20/2019,4617746,QUEENS,401,14-23 BROADWAY,1,40.766109466552734,-73.93266296386719
420785948,NB,CS/SSC/SSM permit,6/27/2019,4617751,QUEENS,403,32-54 104 STREET,1,40.75796890258789,-73.86483764648438
402569886,NB,CS/SSC/SSM permit,11/5/2019,4617776,QUEENS,401,39-35 27 STREET,1,40.75339126586914,-73.93653869628906
402460519,NB,CS/SSC/SSM permit,11/11/2019,4617975,QUEENS,405,1819 LINDEN STREET,1,40.70433044433594,-73.90886688232422
420365697,NB,CS/SSC/SSM permit,10/14/2019,4618086,QUEENS,401,31-16 38 STREET,1,40.7613410949707,-73.91851806640625
420605777,NB,CS/SSC/SSM permit,2/14/2020,4618105,QUEENS,403,112-24 ASTORIA BOULEVARD,1,40.759239196777344,-73.85746002197266
420919910,NB,CS/SSC/SSM permit,8/8/2019,4618237,QUEENS,401,14-25 27TH AVENUE,1,40.77357864379883,-73.92794036865234
420883690,A1,CS/SSC/SSM permit,4/21/2019,4618450,QUEENS,409,118-08 JAMAICA AVENUE,1,40.699649810791016,-73.83133697509766
420892323,NB,CS/SSC/SSM permit,5/9/2019,4618575,QUEENS,407,134-37 35TH AVENUE,1,40.7647705078125,-73.83233642578125
420647982,NB,CS/SSC/SSM permit,8/1/2019,4619109,QUEENS,407,166-11 NORTHERN BLVD,3,40.75981903076172,-73.79981231689453
420651093,NB,CS/SSC/SSM permit,5/9/2019,4619363,QUEENS,402,52-09 31 PLACE,1,40.73698043823242,-73.9363784790039
420855275,NB,CS/SSC/SSM permit,4/11/2020,4800517,QUEENS,401,37-27 12 ST,1,40.75859832763672,-73.94023132324219
420952687,NB,CS/SSC/SSM permit,2/13/2020,4802516,QUEENS,401,38-05 31 ST.,2,40.75341033935547,-73.93193054199219
410053203,NB,CS/SSC/SSM permit,1/23/2020,4803081,QUEENS,401,24-14 37 AVENUE,1,40.756961822509766,-73.93505096435547
420648295,NB,CS/SSC/SSM permit,6/5/2019,4824676,QUEENS,405,6241 FOREST AVENUE,1,40.71215057373047,-73.90534973144531
402448017,NB,CS/SSC/SSM permit,5/3/2019,4862763,QUEENS,408,87-44 168 PLACE,1,40.71073913574219,-73.7944107055664
402465729,NB,CS/SSC/SSM permit,5/8/2019,4862876,QUEENS,404,76-09 QUEENS BOULEVARD,1,40.7392692565918,-73.88758087158203
410019812,NB,CS/SSC/SSM permit,1/7/2020,4863968,QUEENS,411,40-38 216 STREET,3,40.763771057128906,-73.76701354980469
402635403,NB,CS/SSC/SSM permit,11/5/2019,4864183,QUEENS,407,137-35 ELDER AVENUE,1,40.751380920410156,-73.8255615234375
410027741,NB,CS/SSC/SSM permit,8/30/2019,4864406,QUEENS,407,136-20 BOOTH MEMORIAL AVENUE,1,40.746829986572266,-73.82840728759766
410141859,NB,CS/SSC/SSM permit,6/29/2019,4864775,QUEENS,412,115-11 MERRICK BLVD.,1,40.68967056274414,-73.77734375
410147176,NB,CS/SSC/SSM permit,10/17/2019,4864797,QUEENS,407,136-46 61 ROAD,1,40.741920471191406,-73.82819366455078
420651397,NB,CS/SSC/SSM permit,7/19/2019,4868419,QUEENS,414,2221 LORETTA ROAD,1,40.6026496887207,-73.75567626953125
520122661,A1,CS/SSC/SSM permit,9/1/2019,5013211,STATEN ISLAND,501,26 WATER STREET,1,40.62709045410156,-74.07525634765625
520079405,A1,CS/SSC/SSM permit,11/26/2019,5023016,STATEN ISLAND,502,300 FOUR CORNERS ROAD,1,40.5926399230957,-74.11004638671875
500759495,A1,CS/SSC/SSM permit,8/10/2019,5026426,STATEN ISLAND,501,72 DIXON AVENUE,1,40.62738037109375,-74.1446533203125
520146191,A1,CS/SSC/SSM permit,8/7/2019,5036645,STATEN ISLAND,502,1680 RICHMOND AVENUE,1,40.6074104309082,-74.16280364990234
520022804,NB,CS/SSC/SSM permit,5/3/2019,5043815,STATEN ISLAND,502,492 MOSEL AVENUE,1,40.6055793762207,-74.08399200439453
520025767,A1,CS/SSC/SSM permit,4/19/2019,5047341,STATEN ISLAND,502,153 BEVERLY ROAD,1,40.6008186340332,-74.07807922363281
520124605,A1,CS/SSC/SSM permit,6/29/2019,5047397,STATEN ISLAND,502,132 RADCLIFF ROAD,1,40.59891891479492,-74.07669830322266
500754052,A1,CS/SSC/SSM permit,7/17/2019,5047665,STATEN ISLAND,502,118 KENSINGTON AVENUE,1,40.59531021118164,-74.07689666748047
520145272,A1,CS/SSC/SSM permit,11/8/2019,5048981,STATEN ISLAND,502,20 OREGON ROAD,1,40.595829010009766,-74.08748626708984
520112627,NB,CS/SSC/SSM permit,7/16/2019,5049111,STATEN ISLAND,502,1493 HYLAN BLVD,1,40.592010498046875,-74.08788299560547
520133187,A1,CS/SSC/SSM permit,11/7/2019,5066732,STATEN ISLAND,503,20 EDGEWOOD ROAD,1,40.54478073120117,-74.14949035644531
520104574,A1,CS/SSC/SSM permit,5/12/2019,5069281,STATEN ISLAND,503,66 SHIRLEY AVENUE,1,40.5353889465332,-74.15973663330078
520132909,A1,CS/SSC/SSM permit,2/15/2020,5069732,STATEN ISLAND,503,1633 ARDEN AVENUE,1,40.531639099121094,-74.1627426147461
500555482,A1,CS/SSC/SSM permit,12/12/2019,5082431,STATEN ISLAND,503,33 STECHER STREET,1,40.532318115234375,-74.18858337402344
520072322,A1,CS/SSC/SSM permit,9/12/2019,5089922,STATEN ISLAND,501,20 BRISTOL AVENUE,1,40.61280822753906,-74.10904693603516
500495822,A1,CS/SSC/SSM permit,2/19/2020,5118310,STATEN ISLAND,503,200 BOSCOMBE AVENUE,1,40.52323913574219,-74.23162841796875
520056590,NB,CS/SSC/SSM permit,7/16/2019,5152167,STATEN ISLAND,503,158 PAGE AVENUE,1,40.520450592041016,-74.23554992675781
520053003,NB,CS/SSC/SSM permit,1/2/2020,5155332,STATEN ISLAND,503,3139 VETERANS ROAD WEST,1,40.52791976928711,-74.23795318603516
520058972,NB,CS/SSC/SSM permit,9/12/2019,5158751,STATEN ISLAND,502,4162 VICTORY BOULEVARD,1,40.590728759765625,-74.19185638427734
500872978,NB,CS/SSC/SSM permit,1/1/2020,5158758,STATEN ISLAND,503,644 BLOOMINGDALE ROAD,1,40.541419982910156,-74.21894836425781
520141613,NB,CS/SSC/SSM permit,7/31/2019,5162141,STATEN ISLAND,501,3161 RICHMOND TERRACE,1,40.640541076660156,-74.16380310058594
510058287,NB,CS/SSC/SSM permit,6/29/2019,5164859,STATEN ISLAND,501,2348 FOREST AVENUE,1,40.627418518066406,-74.16808319091797
520044283,NB,CS/SSC/SSM permit,1/1/2020,5167042,STATEN ISLAND,501,668 RICHMOND ROAD,1,40.61017990112305,-74.08899688720703
520012272,NB,CS/SSC/SSM permit,11/29/2019,5167956,STATEN ISLAND,503,2420 ARTHUR KILL ROAD,1,40.55472946166992,-74.21617889404297
